Prey,Predator,edgetype
Diatoms_benthic,Abyssianira_argentenensis,0
Diatoms_centric,Abyssianira_argentenensis,0
Diatoms_pennate,Abyssianira_argentenensis,0
Diatoms_benthic,Abyssianira_dentifrons,0
Diatoms_centric,Abyssianira_dentifrons,0
Diatoms_pennate,Abyssianira_dentifrons,0
Diatoms_benthic,Abyssianira_spp,0
Diatoms_centric,Abyssianira_spp,0
Diatoms_pennate,Abyssianira_spp,0
Detritus,Acanthoserolis_schythei,0
Laetmonice_producta,Acanthoserolis_schythei,0
Pelagobia_longicirrata,Acanthoserolis_schythei,0
Polyeunoa_laevis,Acanthoserolis_schythei,0
Themisto_gaudichaudii,Acanthoserolis_schythei,0
Necromass,Acodontaster_elongatus,0
Necromass,Acodontaster_sp,0
Foraminifera,Actinauge_longicornis,0
Polycheria_spp,Actinostola_crassicornis,0
Eatoniella_spp,Actinostola_crassicornis,0
Liotella_crassicostata,Actinostola_crassicornis,0
Odostomia_sp,Actinostola_crassicornis,0
Onoba_spp,Actinostola_crassicornis,0
Scissurella_clathrata,Actinostola_crassicornis,0
Zygochlamys_patagonica,Adelomelon_ancilla,0
Fusitriton_magellanicus,Adelomelon_ancilla,0
Eurhomalea_sp,Adelomelon_ancilla,0
Detritus,Advenogonium_fuegiae,0
Foraminifera,Aglaophamus_virginis,0
Lumbrineridae,Aglaophamus_virginis,0
Orbiniidae,Aglaophamus_virginis,0
Eteone_spp,Aglaophamus_virginis,0
Syllidae,Aglaophamus_virginis,0
Diatoms_benthic,Alcyonium_antarcticum,0
Diatoms_centric,Alcyonium_antarcticum,0
Diatoms_pennate,Alcyonium_antarcticum,0
Detritus,Allorostrata_ovalis,0
Detritus,Allorostrata_scutifrons,0
Tryphosella_sp,Amblyraja_doellojuradoi,0
Libidoclaea_granaria,Amblyraja_doellojuradoi,0
Eurypodius_latreillii,Amblyraja_doellojuradoi,0
Grimothea_gregaria,Amblyraja_doellojuradoi,0
Sympagurus_dimorphus,Amblyraja_doellojuradoi,0
Campylonotus_vagans,Amblyraja_doellojuradoi,0
Patagonotothen_ramsayi,Amblyraja_doellojuradoi,0
Acanthoserolis_schythei,Amblyraja_doellojuradoi,0
Natatolana_pastorei,Amblyraja_doellojuradoi,0
Macrochiridothea_stebbingi,Amblyraja_doellojuradoi,0
Onuphis_pseudoiridescens,Amblyraja_doellojuradoi,0
Pista_spp,Amblyraja_doellojuradoi,0
Terebellides_malvinensis,Amblyraja_doellojuradoi,0
Nicolea_chilensis,Amblyraja_doellojuradoi,0
Thelepus_sp,Amblyraja_doellojuradoi,0
Eteone_spp,Amblyraja_doellojuradoi,0
Glycera_spp,Amblyraja_doellojuradoi,0
Eunereis_patagonica,Amblyraja_doellojuradoi,0
Nicon_maculata,Amblyraja_doellojuradoi,0
Serpula_spp,Amblyraja_doellojuradoi,0
Aglaophamus_virginis,Amblyraja_doellojuradoi,0
Nephtys_sp,Amblyraja_doellojuradoi,0
Lumbrineridae,Amblyraja_doellojuradoi,0
Orbiniidae,Amblyraja_doellojuradoi,0
Maldanidae,Amblyraja_doellojuradoi,0
Metepimeria_acanthurus,Amblyraja_georgiana,0
Themisto_gaudichaudii,Amblyraja_georgiana,0
Doryteuthis_gahi,Amblyraja_georgiana,0
Austrocidaris_canaliculata,Amblyraja_georgiana,0
Austrocidaris_spinulosida,Amblyraja_georgiana,0
Lepidonotothen_squamifrons,Amblyraja_georgiana,0
Muraenolepis_spp,Amblyraja_georgiana,0
Patagonotothen_guntheri,Amblyraja_georgiana,0
Trophon_ohlini,Amblyraja_georgiana,0
Trophon_plicatus,Amblyraja_georgiana,0
Acanthoserolis_schythei,Amblyraja_georgiana,0
Natatolana_pastorei,Amblyraja_georgiana,0
Neoserolis_exigua,Amblyraja_georgiana,0
Aglaophamus_virginis,Amblyraja_georgiana,0
Boccardia_sp,Amblyraja_georgiana,0
Eucranta_sp,Amblyraja_georgiana,0
Harmothoe_sp,Amblyraja_georgiana,0
Hermadion_magalhaensi,Amblyraja_georgiana,0
Nephtys_sp,Amblyraja_georgiana,0
Polydora_sp,Amblyraja_georgiana,0
Polyeunoa_laevis,Amblyraja_georgiana,0
Spiophanes_sp,Amblyraja_georgiana,0
Euphausia_spp,Amblyraja_georgiana,0
Detritus,Ampharete_kerguelensis,0
Bacteria,Ampharete_kerguelensis,0
Foraminifera,Ampharete_kerguelensis,0
Diatoms_benthic,Ampharete_kerguelensis,0
Diatoms_centric,Ampharete_kerguelensis,0
Diatoms_pennate,Ampharete_kerguelensis,0
Trophon_ohlini,Anasterias_antarctica,0
Trophon_plicatus,Anasterias_antarctica,0
Halicarcinus_planatus,Anasterias_sp,0
Pagurus_comptus,Anasterias_sp,0
Pareuthria_spp,Anasterias_sp,0
Turbonilla_strebeli,Anasterias_sp,0
Harmothoe_sp,Anasterias_sp,0
Tonicia_lebruni,Anasterias_sp,0
Necromass,Andaniotes_linearis,0
Detritus,Anobothrus_sp,0
Detritus,Anthoptilum_grandiflorum,0
Cyrtostrombidium_sp,Anthoptilum_grandiflorum,0
Laboea_strobila,Anthoptilum_grandiflorum,0
Lohmanniella_sp,Anthoptilum_grandiflorum,0
Strobilidium_sp,Anthoptilum_grandiflorum,0
Strombidinopsis_sp,Anthoptilum_grandiflorum,0
Strombidium_spp,Anthoptilum_grandiflorum,0
Diatoms_benthic,Anthoptilum_grandiflorum,0
Dinoflagellates_heterosol,Anthoptilum_grandiflorum,0
Bacteria,Aplidium_spp,0
Emiliania_huxleyi,Aplidium_spp,0
Phaeocystis_antarctica,Aplidium_spp,0
Diatoms_benthic,Aplidium_spp,0
Diatoms_centric,Aplidium_spp,0
Diatoms_pennate,Aplidium_spp,0
Azadinium_sp,Aplidium_spp,0
Dinoflagellates_heterosol,Aplidium_spp,0
Gymnodinium_sp,Aplidium_spp,0
Detritus,Aplidium_spp,0
Detritus,Appendicularia_spp,0
Synechococcus_sp,Appendicularia_spp,0
Bacteria,Appendicularia_spp,0
Emiliania_huxleyi,Appendicularia_spp,0
Phaeocystis_antarctica,Appendicularia_spp,0
Gymnodinium_sp,Appendicularia_spp,0
Orbiniidae,Appendicularia_spp,0
Dinoflagellates_heterosol,Appendicularia_spp,0
Doryteuthis_gahi,Arctocephalus_australis,0
Enteroctopodidae,Arctocephalus_australis,0
Grimothea_gregaria,Arctocephalus_australis,0
Dissostichus_eleginoides,Arctocephalus_australis,0
Macrourus_carinatus,Arctocephalus_australis,0
Macrourus_holotrachys,Arctocephalus_australis,0
Macrourus_whitsoni,Arctocephalus_australis,0
Macruronus_novaezelandiae,Arctocephalus_australis,0
Muraenolepis_spp,Arctocephalus_australis,0
Notophycis_marginata,Arctocephalus_australis,0
Patagonotothen_cornucola,Arctocephalus_australis,0
Patagonotothen_elegans,Arctocephalus_australis,0
Patagonotothen_guntheri,Arctocephalus_australis,0
Patagonotothen_kreffti,Arctocephalus_australis,0
Patagonotothen_ramsayi,Arctocephalus_australis,0
Coelorinchus_fasciatus,Arctocephalus_australis,0
Coelorinchus_kayomaru,Arctocephalus_australis,0
Coelorinchus_marinii,Arctocephalus_australis,0
Genypterus_blacodes,Arctocephalus_australis,0
Guttigadus_kongi,Arctocephalus_australis,0
Salilota_australis,Arctocephalus_australis,0
Micromesistius_australis,Arctocephalus_australis,0
Sprattus_fuegensis,Arctocephalus_australis,0
Themisto_gaudichaudii,Ardenna_gravis,0
Doryteuthis_gahi,Ardenna_gravis,0
Dissostichus_eleginoides,Ardenna_gravis,0
Necromass,Ardenna_gravis,0
Euphausia_spp,Ardenna_gravis,0
Sprattus_fuegensis,Ardenna_gravis,0
Dissostichus_eleginoides,Ardenna_grisea,0
Necromass,Ardenna_grisea,0
Themisto_gaudichaudii,Ardenna_grisea,0
Doryteuthis_gahi,Ardenna_grisea,0
Euphausia_spp,Ardenna_grisea,0
Sprattus_fuegensis,Ardenna_grisea,0
Poecilosclerida,Aristias_antarcticus,0
Colossendeis_megalonyx,Asbestopluma_sp,0
Larvae_Nauplii,Asbestopluma_sp,0
Oithona_spp,Asbestopluma_sp,0
Bacteria,Ascidia_meridionalis,0
Emiliania_huxleyi,Ascidia_meridionalis,0
Phaeocystis_antarctica,Ascidia_meridionalis,0
Diatoms_benthic,Ascidia_meridionalis,0
Diatoms_centric,Ascidia_meridionalis,0
Diatoms_pennate,Ascidia_meridionalis,0
Azadinium_sp,Ascidia_meridionalis,0
Dinoflagellates_heterosol,Ascidia_meridionalis,0
Gymnodinium_sp,Ascidia_meridionalis,0
Detritus,Ascidia_meridionalis,0
Emiliania_huxleyi,Astarte_sp,0
Diatoms_benthic,Astarte_sp,0
Diatoms_centric,Astarte_sp,0
Diatoms_pennate,Astarte_sp,0
Alcyonium_antarcticum,Astrotoma_agassizii,0
Diatoms_benthic,Astrotoma_agassizii,0
Diatoms_centric,Astrotoma_agassizii,0
Diatoms_pennate,Astrotoma_agassizii,0
Foraminifera,Astrotoma_agassizii,0
Detritus,Astrotoma_agassizii,0
Euphausia_spp,Astrotoma_agassizii,0
Dictyocha_speculum,Astrotoma_agassizii,0
Puncturella_conica,Austrocidaris_canaliculata,0
Foraminifera,Austrocidaris_canaliculata,0
Haplosclerida,Austrodoris_sp,0
Detritus,Austrofilius_furcatus,0
Detritus,Austrofilius_sp,0
Detritus,Austronanus_dentatus,0
Themisto_gaudichaudii,Balaenoptera_acutorostrata,0
Calanus_spp,Balaenoptera_acutorostrata,0
Euphausia_spp,Balaenoptera_acutorostrata,0
Sprattus_fuegensis,Balaenoptera_acutorostrata,0
Clausocalanus_spp,Balaenoptera_acutorostrata,0
Ctenocalanus_vanus,Balaenoptera_acutorostrata,0
Drepanopus_forcipatus,Balaenoptera_acutorostrata,0
Neocalanus_tonsus,Balaenoptera_acutorostrata,0
Oithona_spp,Balaenoptera_acutorostrata,0
Rhincalanus_gigas,Balaenoptera_acutorostrata,0
Grimothea_gregaria,Balaenoptera_acutorostrata,0
Grimothea_spinosa,Balaenoptera_acutorostrata,0
Micromesistius_australis,Balaenoptera_acutorostrata,0
Themisto_gaudichaudii,Balaenoptera_bonaerensis,0
Euphausia_spp,Balaenoptera_bonaerensis,0
Sprattus_fuegensis,Balaenoptera_bonaerensis,0
Calanus_spp,Balaenoptera_bonaerensis,0
Clausocalanus_spp,Balaenoptera_bonaerensis,0
Ctenocalanus_vanus,Balaenoptera_bonaerensis,0
Drepanopus_forcipatus,Balaenoptera_bonaerensis,0
Neocalanus_tonsus,Balaenoptera_bonaerensis,0
Oithona_spp,Balaenoptera_bonaerensis,0
Rhincalanus_gigas,Balaenoptera_bonaerensis,0
Themisto_gaudichaudii,Balaenoptera_borealis,0
Calanus_spp,Balaenoptera_borealis,0
Euphausia_spp,Balaenoptera_borealis,0
Sprattus_fuegensis,Balaenoptera_borealis,0
Clausocalanus_spp,Balaenoptera_borealis,0
Ctenocalanus_vanus,Balaenoptera_borealis,0
Drepanopus_forcipatus,Balaenoptera_borealis,0
Neocalanus_tonsus,Balaenoptera_borealis,0
Oithona_spp,Balaenoptera_borealis,0
Rhincalanus_gigas,Balaenoptera_borealis,0
Grimothea_gregaria,Balaenoptera_borealis,0
Grimothea_spinosa,Balaenoptera_borealis,0
Themisto_gaudichaudii,Balaenoptera_physalus,0
Calanus_spp,Balaenoptera_physalus,0
Euphausia_spp,Balaenoptera_physalus,0
Neocalanus_tonsus,Balaenoptera_physalus,0
Sprattus_fuegensis,Balaenoptera_physalus,0
Clausocalanus_spp,Balaenoptera_physalus,0
Ctenocalanus_vanus,Balaenoptera_physalus,0
Drepanopus_forcipatus,Balaenoptera_physalus,0
Oithona_spp,Balaenoptera_physalus,0
Rhincalanus_gigas,Balaenoptera_physalus,0
Grimothea_gregaria,Balaenoptera_physalus,0
Grimothea_spinosa,Balaenoptera_physalus,0
Cyrtostrombidium_sp,Balticina_africana,0
Laboea_strobila,Balticina_africana,0
Lohmanniella_sp,Balticina_africana,0
Strobilidium_sp,Balticina_africana,0
Strombidinopsis_sp,Balticina_africana,0
Strombidium_spp,Balticina_africana,0
Diatoms_benthic,Balticina_africana,0
Dinoflagellates_heterosol,Balticina_africana,0
Detritus,Balticina_africana,0
Detritus,Bathybiaster_loripes,0
Astrotoma_agassizii,Bathybiaster_loripes,0
Harmothoe_sp,Bathybiaster_loripes,0
Polyeunoa_laevis,Bathybiaster_loripes,0
Glycera_spp,Bathyraja_albomaculata,0
Tinerfe_cyanea,Bathyraja_albomaculata,0
Themisto_gaudichaudii,Bathyraja_albomaculata,0
Grimothea_gregaria,Bathyraja_albomaculata,0
Grimothea_spinosa,Bathyraja_albomaculata,0
Thymops_birsteini,Bathyraja_albomaculata,0
Dissostichus_eleginoides,Bathyraja_albomaculata,0
Patagonotothen_ramsayi,Bathyraja_albomaculata,0
Myxine_spp,Bathyraja_albomaculata,0
Travisia_kerguelensis,Bathyraja_albomaculata,0
Iluocoetes_fimbriatus,Bathyraja_brachyurops,0
Acanthoserolis_schythei,Bathyraja_brachyurops,0
Libidoclaea_granaria,Bathyraja_brachyurops,0
Tinerfe_cyanea,Bathyraja_brachyurops,0
Themisto_gaudichaudii,Bathyraja_brachyurops,0
Doryteuthis_gahi,Bathyraja_brachyurops,0
Enteroctopodidae,Bathyraja_brachyurops,0
Lithodes_confundens,Bathyraja_brachyurops,0
Lithodes_couesi,Bathyraja_brachyurops,0
Lithodes_turkayi,Bathyraja_brachyurops,0
Grimothea_gregaria,Bathyraja_brachyurops,0
Cottoperca_trigloides,Bathyraja_brachyurops,0
Dissostichus_eleginoides,Bathyraja_brachyurops,0
Patagonotothen_cornucola,Bathyraja_brachyurops,0
Patagonotothen_elegans,Bathyraja_brachyurops,0
Patagonotothen_guntheri,Bathyraja_brachyurops,0
Patagonotothen_ramsayi,Bathyraja_brachyurops,0
Myxine_spp,Bathyraja_brachyurops,0
Micromesistius_australis,Bathyraja_brachyurops,0
Sprattus_fuegensis,Bathyraja_brachyurops,0
Euphausia_spp,Bathyraja_brachyurops,0
Grimothea_spinosa,Bathyraja_brachyurops,0
Bathyraja_brachyurops,Bathyraja_brachyurops,0
Macruronus_novaezelandiae,Bathyraja_brachyurops,0
Patagonotothen_kreffti,Bathyraja_brachyurops,0
Genypterus_blacodes,Bathyraja_brachyurops,0
Adelomelon_ancilla,Bathyraja_brachyurops,0
Argeneuthria_varicosa,Bathyraja_brachyurops,0
Odontocymbiola_magellanica,Bathyraja_brachyurops,0
Aglaophamus_virginis,Bathyraja_brachyurops,0
Lumbrineridae,Bathyraja_brachyurops,0
Maldanidae,Bathyraja_brachyurops,0
Nephtys_sp,Bathyraja_brachyurops,0
Pagurus_comptus,Bathyraja_cousseauae,0
Pagurus_forceps,Bathyraja_cousseauae,0
Neoserolis_exigua,Bathyraja_cousseauae,0
Acanthoserolis_schythei,Bathyraja_cousseauae,0
Tinerfe_cyanea,Bathyraja_griseocauda,0
Doryteuthis_gahi,Bathyraja_griseocauda,0
Grimothea_gregaria,Bathyraja_griseocauda,0
Grimothea_spinosa,Bathyraja_griseocauda,0
Thymops_birsteini,Bathyraja_griseocauda,0
Cottoperca_trigloides,Bathyraja_griseocauda,0
Dissostichus_eleginoides,Bathyraja_griseocauda,0
Patagonotothen_cornucola,Bathyraja_griseocauda,0
Patagonotothen_elegans,Bathyraja_griseocauda,0
Patagonotothen_guntheri,Bathyraja_griseocauda,0
Patagonotothen_ramsayi,Bathyraja_griseocauda,0
Bathyraja_griseocauda,Bathyraja_griseocauda,0
Bathyraja_multispinis,Bathyraja_griseocauda,0
Bathyraja_scaphiops,Bathyraja_griseocauda,0
Myxine_spp,Bathyraja_griseocauda,0
Psammobatis_rudis,Bathyraja_griseocauda,0
Micromesistius_australis,Bathyraja_griseocauda,0
Sprattus_fuegensis,Bathyraja_griseocauda,0
Euphausia_spp,Bathyraja_griseocauda,0
Themisto_gaudichaudii,Bathyraja_griseocauda,0
Pagurus_comptus,Bathyraja_griseocauda,0
Pagurus_forceps,Bathyraja_griseocauda,0
Libidoclaea_granaria,Bathyraja_griseocauda,0
Macruronus_novaezelandiae,Bathyraja_griseocauda,0
Genypterus_blacodes,Bathyraja_griseocauda,0
Odontocymbiola_magellanica,Bathyraja_griseocauda,0
Neoserolis_exigua,Bathyraja_griseocauda,0
Acanthoserolis_schythei,Bathyraja_griseocauda,0
Maldanidae,Bathyraja_macloviana,0
Travisia_kerguelensis,Bathyraja_macloviana,0
Glycera_spp,Bathyraja_macloviana,0
Lumbrineridae,Bathyraja_macloviana,0
Nephtys_sp,Bathyraja_macloviana,0
Tinerfe_cyanea,Bathyraja_macloviana,0
Nicolea_chilensis,Bathyraja_macloviana,0
Pista_spp,Bathyraja_macloviana,0
Terebellides_malvinensis,Bathyraja_macloviana,0
Thelepus_sp,Bathyraja_macloviana,0
Libidoclaea_granaria,Bathyraja_multispinis,0
Thymops_birsteini,Bathyraja_multispinis,0
Grimothea_spinosa,Bathyraja_multispinis,0
Pagurus_comptus,Bathyraja_multispinis,0
Neoserolis_exigua,Bathyraja_multispinis,0
Acanthoserolis_schythei,Bathyraja_multispinis,0
Nicolea_chilensis,Bathyraja_multispinis,0
Pista_spp,Bathyraja_multispinis,0
Terebellides_malvinensis,Bathyraja_multispinis,0
Thelepus_sp,Bathyraja_multispinis,0
Themisto_gaudichaudii,Bathyraja_scaphiops,0
Patagonotothen_cornucola,Bathyraja_scaphiops,0
Patagonotothen_elegans,Bathyraja_scaphiops,0
Patagonotothen_guntheri,Bathyraja_scaphiops,0
Patagonotothen_ramsayi,Bathyraja_scaphiops,0
Patagonotothen_kreffti,Bathyraja_scaphiops,0
Neoserolis_exigua,Bathyraja_scaphiops,0
Acanthoserolis_schythei,Bathyraja_scaphiops,0
Detritus,Boccardia_sp,0
Orbiniidae,Boccardia_sp,0
Bacteria,Boccardia_sp,0
Diatoms_benthic,Boccardia_sp,0
Diatoms_centric,Boccardia_sp,0
Diatoms_pennate,Boccardia_sp,0
Foraminifera,Boccardia_sp,0
Diatoms_centric,Bryozoa,0
Diatoms_pennate,Bryozoa,0
Dinoflagellates_heterosol,Bryozoa,0
Detritus,Caecianiropsis_ectiformis,0
Cyrtostrombidium_sp,Calanus_spp,0
Laboea_strobila,Calanus_spp,0
Lohmanniella_sp,Calanus_spp,0
Strobilidium_sp,Calanus_spp,0
Strombidinopsis_sp,Calanus_spp,0
Strombidium_spp,Calanus_spp,0
Diatoms_pennate,Calanus_spp,0
Rhizosolenia_crassa,Calanus_spp,0
Diatoms_benthic,Calanus_spp,0
Azadinium_sp,Calanus_spp,0
Dinoflagellates_heterosol,Calanus_spp,0
Gymnodinium_sp,Calanus_spp,0
Dictyocha_speculum,Calanus_spp,0
Detritus,Calanus_spp,0
Emiliania_huxleyi,Calanus_spp,0
Phaeocystis_antarctica,Calanus_spp,0
Bacteria,Calcarea,0
Diatoms_benthic,Calcarea,0
Diatoms_centric,Calcarea,0
Diatoms_pennate,Calcarea,0
Azadinium_sp,Calcarea,0
Dinoflagellates_heterosol,Calcarea,0
Foraminifera,Calcarea,0
Synechococcus_sp,Calcarea,0
Dictyocha_speculum,Calcarea,0
Bryozoa,Callochiton_puniceus,0
Detritus,Callochiton_puniceus,0
Detritus,Campanularia_sp,0
Diatoms_benthic,Campylaspis_spp,0
Diatoms_centric,Campylaspis_spp,0
Diatoms_pennate,Campylaspis_spp,0
Necromass,Campylaspis_spp,0
Calanus_spp,Campylaspis_spp,0
Clausocalanus_spp,Campylaspis_spp,0
Ctenocalanus_vanus,Campylaspis_spp,0
Drepanopus_forcipatus,Campylaspis_spp,0
Neocalanus_tonsus,Campylaspis_spp,0
Detritus,Campylonotus_vagans,0
Themisto_gaudichaudii,Careproctus_sp,0
Grimothea_gregaria,Careproctus_sp,0
Pagurus_comptus,Careproctus_sp,0
Careproctus_sp,Careproctus_sp,0
Detritus,Careproctus_sp,0
Calanus_spp,Careproctus_sp,0
Convexella_magelhaenica,Ceramaster_patagonicus,0
Ideogorgia_laurae,Ceramaster_patagonicus,0
Primnoella_scotiae,Ceramaster_patagonicus,0
Primnoisis_antarctica,Ceramaster_patagonicus,0
Detritus,Chaetopterus_antarcticus,0
Astrotoma_agassizii,Cheiraster_(Luidiaster)_gerlachei,0
Ophiacantha_sp,Cheiraster_(Luidiaster)_gerlachei,0
Ophiacantha_vivipara,Cheiraster_(Luidiaster)_gerlachei,0
Detritus,Cheiraster_(Luidiaster)_gerlachei,0
Detritus,Cirratulidae,0
Foraminifera,Cirratulidae,0
Diatoms_benthic,Cladodactyla_crocea,0
Diatoms_centric,Cladodactyla_crocea,0
Diatoms_pennate,Cladodactyla_crocea,0
Detritus,Clathria_spp,0
Cyrtostrombidium_sp,Clausocalanus_spp,0
Laboea_strobila,Clausocalanus_spp,0
Lohmanniella_sp,Clausocalanus_spp,0
Strobilidium_sp,Clausocalanus_spp,0
Strombidinopsis_sp,Clausocalanus_spp,0
Strombidium_spp,Clausocalanus_spp,0
Diatoms_pennate,Clausocalanus_spp,0
Rhizosolenia_crassa,Clausocalanus_spp,0
Diatoms_benthic,Clausocalanus_spp,0
Azadinium_sp,Clausocalanus_spp,0
Dinoflagellates_heterosol,Clausocalanus_spp,0
Gymnodinium_sp,Clausocalanus_spp,0
Dictyocha_speculum,Clausocalanus_spp,0
Diatoms_benthic,Clavularia_sp,0
Diatoms_centric,Clavularia_sp,0
Diatoms_pennate,Clavularia_sp,0
Foraminifera,Clavularia_sp,0
Diatoms_benthic,Cnemidocarpa_spp,0
Diatoms_centric,Cnemidocarpa_spp,0
Diatoms_pennate,Cnemidocarpa_spp,0
Bacteria,Cnemidocarpa_spp,0
Azadinium_sp,Cnemidocarpa_spp,0
Dinoflagellates_heterosol,Cnemidocarpa_spp,0
Gymnodinium_sp,Cnemidocarpa_spp,0
Detritus,Cnemidocarpa_spp,0
Emiliania_huxleyi,Cnemidocarpa_spp,0
Phaeocystis_antarctica,Cnemidocarpa_spp,0
Doryteuthis_gahi,Coelorinchus_fasciatus,0
Eggs_Fish,Coelorinchus_fasciatus,0
Harmothoe_sp,Coelorinchus_fasciatus,0
Pagurus_comptus,Coelorinchus_fasciatus,0
Pagurus_forceps,Coelorinchus_fasciatus,0
Euphausia_spp,Coelorinchus_fasciatus,0
Themisto_gaudichaudii,Coelorinchus_fasciatus,0
Grimothea_gregaria,Coelorinchus_fasciatus,0
Harmothoe_sp,Coelorinchus_marinii,0
Doryteuthis_gahi,Coelorinchus_marinii,0
Grimothea_gregaria,Coelorinchus_marinii,0
Grimothea_spinosa,Coelorinchus_marinii,0
Foraminifera,Coelorinchus_marinii,0
Glycera_spp,Colossendeis_megalonyx,0
Sabellidae,Colossendeis_megalonyx,0
Bacteria,Convexella_magelhaenica,0
Cyrtostrombidium_sp,Convexella_magelhaenica,0
Laboea_strobila,Convexella_magelhaenica,0
Lohmanniella_sp,Convexella_magelhaenica,0
Strobilidium_sp,Convexella_magelhaenica,0
Strombidinopsis_sp,Convexella_magelhaenica,0
Strombidium_spp,Convexella_magelhaenica,0
Diatoms_benthic,Convexella_magelhaenica,0
Dinoflagellates_heterosol,Convexella_magelhaenica,0
Detritus,Convexella_magelhaenica,0
Diatoms_centric,Copepodite,0
Diatoms_pennate,Copepodite,0
Rhizosolenia_crassa,Copepodite,0
Cyrtostrombidium_sp,Copepodite,0
Laboea_strobila,Copepodite,0
Lohmanniella_sp,Copepodite,0
Strobilidium_sp,Copepodite,0
Strombidinopsis_sp,Copepodite,0
Strombidium_spp,Copepodite,0
Foraminifera,Coperonus_comptus,0
Detritus,Coperonus_comptus,0
Austrocidaris_canaliculata,Cosmasterias_lurida,0
Austrocidaris_spinulosida,Cosmasterias_lurida,0
Pseudechinus_magellanicus,Cosmasterias_lurida,0
Schizasteridae,Cosmasterias_lurida,0
Sterechinus_agassizii,Cosmasterias_lurida,0
Necromass,Cosmasterias_lurida,0
Callochiton_puniceus,Cosmasterias_lurida,0
Leptochiton_kerguelensis,Cosmasterias_lurida,0
Leptochiton_medinae,Cosmasterias_lurida,0
Nuttallochiton_hyadesi,Cosmasterias_lurida,0
Nuttallochiton_martiali,Cosmasterias_lurida,0
Tonicia_lebruni,Cosmasterias_lurida,0
Grimothea_gregaria,Cottoperca_trigloides,0
Tinerfe_cyanea,Cottoperca_trigloides,0
Thymops_birsteini,Cottoperca_trigloides,0
Agonopsis_chiloensis,Cottoperca_trigloides,0
Cottoperca_trigloides,Cottoperca_trigloides,0
Dissostichus_eleginoides,Cottoperca_trigloides,0
Macruronus_novaezelandiae,Cottoperca_trigloides,0
Patagonotothen_ramsayi,Cottoperca_trigloides,0
Bathyraja_albomaculata,Cottoperca_trigloides,0
Bathyraja_brachyurops,Cottoperca_trigloides,0
Iluocoetes_fimbriatus,Cottoperca_trigloides,0
Sprattus_fuegensis,Cottoperca_trigloides,0
Necromass,Cottoperca_trigloides,0
Euphausia_spp,Cottoperca_trigloides,0
Salilota_australis,Cottoperca_trigloides,0
Micromesistius_australis,Cottoperca_trigloides,0
Colossendeis_megalonyx,Cottunculus_granulosus,0
Enteroctopodidae,Cottunculus_granulosus,0
Grimothea_gregaria,Cottunculus_granulosus,0
Thymops_birsteini,Cottunculus_granulosus,0
Patagonotothen_ramsayi,Cottunculus_granulosus,0
Coelorinchus_fasciatus,Cottunculus_granulosus,0
Acanthoserolis_schythei,Cottunculus_granulosus,0
Neoserolis_exigua,Cottunculus_granulosus,0
Eggs_Fish,Cottunculus_granulosus,0
Euphausia_spp,Cottunculus_granulosus,0
Bacteria,Tetractinellida,0
Azadinium_sp,Tetractinellida,0
Dinoflagellates_heterosol,Tetractinellida,0
Foraminifera,Tetractinellida,0
Synechococcus_sp,Tetractinellida,0
Dictyocha_speculum,Tetractinellida,0
Detritus,Cryosignum_sp,0
Cyrtostrombidium_sp,Ctenocalanus_vanus,0
Laboea_strobila,Ctenocalanus_vanus,0
Lohmanniella_sp,Ctenocalanus_vanus,0
Strobilidium_sp,Ctenocalanus_vanus,0
Strombidinopsis_sp,Ctenocalanus_vanus,0
Strombidium_spp,Ctenocalanus_vanus,0
Diatoms_pennate,Ctenocalanus_vanus,0
Rhizosolenia_crassa,Ctenocalanus_vanus,0
Diatoms_benthic,Ctenocalanus_vanus,0
Azadinium_sp,Ctenocalanus_vanus,0
Dinoflagellates_heterosol,Ctenocalanus_vanus,0
Gymnodinium_sp,Ctenocalanus_vanus,0
Dictyocha_speculum,Ctenocalanus_vanus,0
Diatoms_centric,Ctenocalanus_vanus,0
Pelagobia_longicirrata,Ctenocalanus_vanus,0
Pseudosagitta_gazellae,Ctenocalanus_vanus,0
Detritus,Ctenodiscus_australis,0
Bacteria,Cumella_argentinae,0
Emiliania_huxleyi,Cyclochlamys_argentina,0
Diatoms_benthic,Cyclochlamys_argentina,0
Diatoms_centric,Cyclochlamys_argentina,0
Diatoms_pennate,Cyclochlamys_argentina,0
Bacteria,Cyrtostrombidium_sp,0
Bacteria,Cystodytes_antarcticus,0
Emiliania_huxleyi,Cystodytes_antarcticus,0
Phaeocystis_antarctica,Cystodytes_antarcticus,0
Diatoms_benthic,Cystodytes_antarcticus,0
Diatoms_centric,Cystodytes_antarcticus,0
Diatoms_pennate,Cystodytes_antarcticus,0
Azadinium_sp,Cystodytes_antarcticus,0
Dinoflagellates_heterosol,Cystodytes_antarcticus,0
Gymnodinium_sp,Cystodytes_antarcticus,0
Detritus,Cystodytes_antarcticus,0
Primnoella_scotiae,Dactylanthus_antarcticus,0
Thouarella_spp,Dactylanthus_antarcticus,0
Convexella_magelhaenica,Dactylanthus_antarcticus,0
Themisto_gaudichaudii,Daption_capense,0
Tulpa_tulipifera,Daption_capense,0
Doryteuthis_gahi,Daption_capense,0
Campanularia_sp,Daption_capense,0
Obelia_spp,Daption_capense,0
Austrodoris_sp,Daption_capense,0
Necromass,Daption_capense,0
Euphausia_spp,Daption_capense,0
Pseudosagitta_gazellae,Daption_capense,0
Rhincalanus_gigas,Daption_capense,0
Sprattus_fuegensis,Daption_capense,0
Detritus,Desmosoma_sp,0
Diatoms_benthic,Diastylis_granulata,0
Diatoms_centric,Diastylis_granulata,0
Diatoms_pennate,Diastylis_granulata,0
Detritus,Diastylis_granulata,0
Diatoms_benthic,Diastylis_hammoniae,0
Diatoms_centric,Diastylis_hammoniae,0
Diatoms_pennate,Diastylis_hammoniae,0
Detritus,Diastylis_hammoniae,0
Diatoms_benthic,Diastylis_planifrons,0
Diatoms_centric,Diastylis_planifrons,0
Diatoms_pennate,Diastylis_planifrons,0
Detritus,Diastylis_planifrons,0
Bacteria,Didemnum_studeri,0
Emiliania_huxleyi,Didemnum_studeri,0
Phaeocystis_antarctica,Didemnum_studeri,0
Diatoms_benthic,Didemnum_studeri,0
Diatoms_centric,Didemnum_studeri,0
Diatoms_pennate,Didemnum_studeri,0
Azadinium_sp,Didemnum_studeri,0
Dinoflagellates_heterosol,Didemnum_studeri,0
Gymnodinium_sp,Didemnum_studeri,0
Detritus,Didemnum_studeri,0
Dissostichus_eleginoides,Diomedea_sp,0
Themisto_gaudichaudii,Diomedea_sp,0
Necromass,Diomedea_sp,0
Doryteuthis_gahi,Diomedea_sp,0
Macrourus_holotrachys,Diomedea_sp,0
Euphausia_spp,Diomedea_sp,0
Necromass,Diplodontias_singularis,0
Ctenodiscus_australis,Diplopteraster_clarki,0
Adelomelon_ancilla,Diplopteraster_clarki,0
Fusitriton_magellanicus,Diplopteraster_clarki,0
Odontocymbiola_magellanica,Diplopteraster_clarki,0
Lithodes_confundens,Dissostichus_eleginoides,0
Lithodes_couesi,Dissostichus_eleginoides,0
Lithodes_turkayi,Dissostichus_eleginoides,0
Agonopsis_chiloensis,Dissostichus_eleginoides,0
Macruronus_novaezelandiae,Dissostichus_eleginoides,0
Patagonotothen_guntheri,Dissostichus_eleginoides,0
Micromesistius_australis,Dissostichus_eleginoides,0
Macrourus_holotrachys,Dissostichus_eleginoides,0
Notophycis_marginata,Dissostichus_eleginoides,0
Patagonotothen_ramsayi,Dissostichus_eleginoides,0
Coelorinchus_fasciatus,Dissostichus_eleginoides,0
Genypterus_blacodes,Dissostichus_eleginoides,0
Iluocoetes_fimbriatus,Dissostichus_eleginoides,0
Dissostichus_eleginoides,Dissostichus_eleginoides,0
Salilota_australis,Dissostichus_eleginoides,0
Sprattus_fuegensis,Dissostichus_eleginoides,0
Idanthyrsus_macropaleus,Dissostichus_eleginoides,0
Tinerfe_cyanea,Dissostichus_eleginoides,0
Lepidonotothen_squamifrons,Dissostichus_eleginoides,0
Themisto_gaudichaudii,Dissostichus_eleginoides,0
Euphausia_spp,Dissostichus_eleginoides,0
Doryteuthis_gahi,Dissostichus_eleginoides,0
Enteroctopodidae,Dissostichus_eleginoides,0
Grimothea_gregaria,Dissostichus_eleginoides,0
Pagurus_comptus,Dissostichus_eleginoides,0
Muraenolepis_spp,Dissostichus_eleginoides,0
Pogonolycus_elegans,Dissostichus_eleginoides,0
Melanostigma_gelatinosum,Dissostichus_eleginoides,0
Natatolana_pastorei,Dissostichus_eleginoides,0
Thymops_birsteini,Dissostichus_eleginoides,0
Grimothea_gregaria,Doryteuthis_gahi,0
Themisto_gaudichaudii,Doryteuthis_gahi,0
Doryteuthis_gahi,Doryteuthis_gahi,0
Salilota_australis,Doryteuthis_gahi,0
Euphausia_spp,Doryteuthis_gahi,0
Emiliania_huxleyi,Drepanopus_forcipatus,0
Phaeocystis_antarctica,Drepanopus_forcipatus,0
Diatoms_pennate,Drepanopus_forcipatus,0
Diatoms_benthic,Drepanopus_forcipatus,0
Rhizosolenia_crassa,Drepanopus_forcipatus,0
Dinoflagellates_heterosol,Drepanopus_forcipatus,0
Dictyocha_speculum,Drepanopus_forcipatus,0
Detritus,Eatoniella_spp,0
Foraminifera,Echinozone_sp,0
Detritus,Echinozone_sp,0
Detritus,Ekleptostylis_heardi,0
Detritus,Ekleptostylis_vemae,0
Brachiopoda_spp,Enteroctopodidae,0
Enteroctopodidae,Enteroctopodidae,0
Eurypodius_latreillii,Enteroctopodidae,0
Eurypodius_longirostris,Enteroctopodidae,0
Halicarcinus_planatus,Enteroctopodidae,0
Lithodes_confundens,Enteroctopodidae,0
Lithodes_couesi,Enteroctopodidae,0
Lithodes_turkayi,Enteroctopodidae,0
Grimothea_gregaria,Enteroctopodidae,0
Pagurus_comptus,Enteroctopodidae,0
Pagurus_forceps,Enteroctopodidae,0
Paralomis_granulosa,Enteroctopodidae,0
Paralomis_spinosissima,Enteroctopodidae,0
Sympagurus_dimorphus,Enteroctopodidae,0
Detritus,Eteone_spp,0
Necromass,Eteone_spp,0
Diatoms_centric,Eteone_spp,0
Dinoflagellates_heterosol,Eteone_spp,0
Boccardia_sp,Eteone_spp,0
Eunereis_patagonica,Eteone_spp,0
Nicon_maculata,Eteone_spp,0
Polydora_sp,Eteone_spp,0
Spiophanes_sp,Eteone_spp,0
Glycera_spp,Eteone_spp,0
Nephtys_sp,Eteone_spp,0
Calanus_spp,Eubalaena_australis,0
Clausocalanus_spp,Eubalaena_australis,0
Ctenocalanus_vanus,Eubalaena_australis,0
Drepanopus_forcipatus,Eubalaena_australis,0
Euphausia_spp,Eubalaena_australis,0
Neocalanus_tonsus,Eubalaena_australis,0
Oithona_spp,Eubalaena_australis,0
Rhincalanus_gigas,Eubalaena_australis,0
Detritus,Eucranta_sp,0
Diatoms_benthic,Eudorella_sp,0
Diatoms_centric,Eudorella_sp,0
Diatoms_pennate,Eudorella_sp,0
Detritus,Eudorella_sp,0
Micromesistius_australis,Eudyptes_chrysocome,0
Themisto_gaudichaudii,Eudyptes_chrysocome,0
Doryteuthis_gahi,Eudyptes_chrysocome,0
Euphausia_spp,Eudyptes_chrysocome,0
Enteroctopodidae,Eudyptes_chrysocome,0
Larvae_Fish,Eudyptes_chrysocome,0
Larvae_Fish,Eukrohnia_hamata,0
Diatoms_pennate,Eunereis_patagonica,0
Foraminifera,Eunereis_patagonica,0
Detritus,Eunereis_patagonica,0
Boccardia_sp,Eunereis_patagonica,0
Nephtys_sp,Eunereis_patagonica,0
Polydora_sp,Eunereis_patagonica,0
Spiophanes_sp,Eunereis_patagonica,0
Foraminifera,Eunice_pennata,0
Detritus,Eunice_pennata,0
Diatoms_benthic,Euphausia_spp,0
Diatoms_centric,Euphausia_spp,0
Diatoms_pennate,Euphausia_spp,0
Azadinium_sp,Euphausia_spp,0
Dinoflagellates_heterosol,Euphausia_spp,0
Gymnodinium_sp,Euphausia_spp,0
Larvae_Nauplii,Euphausia_spp,0
Foraminifera,Euphausia_spp,0
Eggs_Fish,Euphausia_spp,0
Oithona_spp,Euphausia_spp,0
Emiliania_huxleyi,Eurhomalea_sp,0
Diatoms_benthic,Eurhomalea_sp,0
Diatoms_centric,Eurhomalea_sp,0
Diatoms_pennate,Eurhomalea_sp,0
Grimothea_gregaria,Eurypodius_latreillii,0
Brachiopoda_spp,Eurypodius_latreillii,0
Brachiopoda_spp,Eurypodius_longirostris,0
Brachiopoda_spp,Eurypodius_sp,0
Brachiopoda_spp,Falsilunatia_carcellesi,0
Astarte_sp,Falsilunatia_carcellesi,0
Detritus,Flabellum_spp,0
Detritus,Foraminifera,0
Brachiopoda_spp,Fuegotrophon_pallidus,0
Astarte_sp,Fuegotrophon_pallidus,0
Cyclochlamys_argentina,Fuegotrophon_pallidus,0
Eurhomalea_sp,Fuegotrophon_pallidus,0
Hiatella_sp,Fuegotrophon_pallidus,0
Zygochlamys_patagonica,Fuegotrophon_pallidus,0
Calliostoma_spp,Fuegotrophon_pallidus,0
Colpospirella_algida,Fuegotrophon_pallidus,0
Epitonium_sp,Fuegotrophon_pallidus,0
Odostomia_sp,Fuegotrophon_pallidus,0
Pellilitorina_pellita,Fuegotrophon_pallidus,0
Doryteuthis_gahi,Fulmarus_glacialoides,0
Dissostichus_eleginoides,Fulmarus_glacialoides,0
Euphausia_spp,Fulmarus_glacialoides,0
Themisto_gaudichaudii,Fulmarus_glacialoides,0
Sprattus_fuegensis,Fulmarus_glacialoides,0
Necromass,Fulmarus_glacialoides,0
Zygochlamys_patagonica,Fusitriton_magellanicus,0
Psolus_antarcticus,Fusitriton_magellanicus,0
Psolus_patagonicus,Fusitriton_magellanicus,0
Psolus_segregatus,Fusitriton_magellanicus,0
Sabellidae,Fusitriton_magellanicus,0
Grimothea_gregaria,Genypterus_blacodes,0
Coelorinchus_fasciatus,Genypterus_blacodes,0
Notophycis_marginata,Genypterus_blacodes,0
Micromesistius_australis,Genypterus_blacodes,0
Doryteuthis_gahi,Genypterus_blacodes,0
Mancopsetta_maculata,Genypterus_blacodes,0
Acanthoserolis_schythei,Genypterus_blacodes,0
Euphausia_spp,Genypterus_blacodes,0
Enteroctopodidae,Genypterus_blacodes,0
Flabellum_spp,Genypterus_blacodes,0
Myxine_spp,Genypterus_blacodes,0
Patagonotothen_ramsayi,Genypterus_blacodes,0
Diatoms_benthic,Glabraster_antarctica,0
Diatoms_centric,Glabraster_antarctica,0
Diatoms_pennate,Glabraster_antarctica,0
Detritus,Glabraster_antarctica,0
Doryteuthis_gahi,Globicephala_melas,0
Enteroctopodidae,Globicephala_melas,0
Dissostichus_eleginoides,Globicephala_melas,0
Lepidonotothen_squamifrons,Globicephala_melas,0
Macruronus_novaezelandiae,Globicephala_melas,0
Patagonotothen_cornucola,Globicephala_melas,0
Patagonotothen_guntheri,Globicephala_melas,0
Patagonotothen_kreffti,Globicephala_melas,0
Patagonotothen_ramsayi,Globicephala_melas,0
Detritus,Glycera_spp,0
Eunereis_patagonica,Glycera_spp,0
Nicon_maculata,Glycera_spp,0
Syllidae,Glycera_spp,0
Rhincalanus_gigas,Gorgonocephalus_chilensis,0
Calanus_spp,Gorgonocephalus_chilensis,0
Diatoms_centric,Grimothea_gregaria,0
Foraminifera,Grimothea_gregaria,0
Emiliania_huxleyi,Gymnodinium_sp,0
Phaeocystis_antarctica,Gymnodinium_sp,0
Diatoms_centric,Gymnodinium_sp,0
Diatoms_benthic,Gymnodinium_sp,0
Synechococcus_sp,Gymnodinium_sp,0
Diatoms_benthic,Gyrodinium_sp,0
Diatoms_centric,Gyrodinium_sp,0
Diatoms_pennate,Gyrodinium_sp,0
Aglaophamus_virginis,Halicarcinus_planatus,0
Detritus,Halicarcinus_planatus,0
Azadinium_sp,Halichondrida,0
Dinoflagellates_heterosol,Halichondrida,0
Gymnodinium_sp,Halichondrida,0
Bacteria,Halichondrida,0
Diatoms_benthic,Halichondrida,0
Diatoms_centric,Halichondrida,0
Diatoms_pennate,Halichondrida,0
Diatoms_benthic,Haplosclerida,0
Diatoms_centric,Haplosclerida,0
Diatoms_pennate,Haplosclerida,0
Detritus,Haplosclerida,0
Emiliania_huxleyi,Haplosclerida,0
Phaeocystis_antarctica,Haplosclerida,0
Azadinium_sp,Haplosclerida,0
Dinoflagellates_heterosol,Haplosclerida,0
Foraminifera,Haplosclerida,0
Synechococcus_sp,Haplosclerida,0
Dictyocha_speculum,Haplosclerida,0
Phaeocystis_antarctica,Haplocheira_barbimana_robusta,0
Diatoms_centric,Haplocheira_barbimana_robusta,0
Diatoms_pennate,Haplocheira_barbimana_robusta,0
Rhizosolenia_crassa,Haplocheira_barbimana_robusta,0
Dinoflagellates_heterosol,Haplocheira_barbimana_robusta,0
Detritus,Haplocheira_barbimana_robusta,0
Dictyocha_speculum,Haplocheira_barbimana_robusta,0
Diatoms_benthic,Harmothoe_sp,0
Diatoms_centric,Harmothoe_sp,0
Diatoms_pennate,Harmothoe_sp,0
Foraminifera,Harmothoe_sp,0
Colossendeis_megalonyx,Harmothoe_sp,0
Bryozoa,Harmothoe_sp,0
Detritus,Harmothoe_sp,0
Detritus,Hemilamprops_chilensis,0
Bacteria,Henricia_obesa,0
Diatoms_centric,Henricia_obesa,0
Diatoms_pennate,Henricia_obesa,0
Foraminifera,Henricia_obesa,0
Diatoms_benthic,Henricia_obesa,0
Bacteria,Henricia_studeri,0
Diatoms_centric,Henricia_studeri,0
Diatoms_pennate,Henricia_studeri,0
Foraminifera,Henricia_studeri,0
Diatoms_benthic,Henricia_studeri,0
Synechococcus_sp,Hexactinellida,0
Bacteria,Hexactinellida,0
Dinoflagellates_heterosol,Hexactinellida,0
Foraminifera,Hexactinellida,0
Emiliania_huxleyi,Hiatella_sp,0
Diatoms_benthic,Hiatella_sp,0
Diatoms_centric,Hiatella_sp,0
Diatoms_pennate,Hiatella_sp,0
Convexella_magelhaenica,Hippasteria_falklandica,0
Ideogorgia_laurae,Hippasteria_falklandica,0
Primnoella_scotiae,Hippasteria_falklandica,0
Primnoisis_antarctica,Hippasteria_falklandica,0
Detritus,Holostylis_uniramosa,0
Balticina_africana,Hormathia_pectinata,0
Foraminifera,Hyalinoecia_artifex,0
Doryteuthis_gahi,Hyperoodon_planifrons,0
Dissostichus_eleginoides,Hyperoodon_planifrons,0
Micromesistius_australis,Hyperoodon_planifrons,0
Macruronus_novaezelandiae,Hyperoodon_planifrons,0
Detritus,Ianiropsis_sp,0
Detritus,Ianthopsis_laevis,0
Detritus,Iathrippa_menziesi,0
Detritus,Iathrippa_multidens,0
Detritus,Iathrippa_sp,0
Bacteria,Ideogorgia_laurae,0
Diatoms_benthic,Ideogorgia_laurae,0
Detritus,Ideogorgia_laurae,0
Tinerfe_cyanea,Iluocoetes_fimbriatus,0
Bacteria,Poecilosclerida,0
Diatoms_benthic,Jassa_alonsoae,0
Diatoms_centric,Jassa_alonsoae,0
Diatoms_pennate,Jassa_alonsoae,0
Detritus,Joeropsis_curvicornis,0
Detritus,Joeropsis_intermedius,0
Detritus,Joeropsis_sp,0
Bacteria,Laboea_strobila,0
Colossendeis_megalonyx,Laetmonice_producta,0
Detritus,Laetmonice_producta,0
Ophiacantha_sp,Laetmonice_producta,0
Diatoms_benthic,Laetmonice_producta,0
Diatoms_centric,Laetmonice_producta,0
Diatoms_pennate,Laetmonice_producta,0
Pogonolycus_elegans,Lagenorhynchus_australis,0
Iluocoetes_fimbriatus,Lagenorhynchus_australis,0
Melanostigma_gelatinosum,Lagenorhynchus_australis,0
Doryteuthis_gahi,Lagenorhynchus_australis,0
Enteroctopodidae,Lagenorhynchus_australis,0
Grimothea_gregaria,Lagenorhynchus_australis,0
Patagonotothen_cornucola,Lagenorhynchus_australis,0
Patagonotothen_elegans,Lagenorhynchus_australis,0
Patagonotothen_guntheri,Lagenorhynchus_australis,0
Patagonotothen_kreffti,Lagenorhynchus_australis,0
Patagonotothen_ramsayi,Lagenorhynchus_australis,0
Sprattus_fuegensis,Lagenorhynchus_australis,0
Doryteuthis_gahi,Lagenorhynchus_cruciger,0
Sprattus_fuegensis,Lagenorhynchus_cruciger,0
Detritus,Lanice_sp,0
Larvae_Fish,Larvae_Fish,0
Eggs_Fish,Larvae_Fish,0
Oithona_spp,Larvae_Fish,0
Copepodite,Larvae_Fish,0
Calanus_spp,Larvae_Fish,0
Larvae_Nauplii,Larvae_Fish,0
Appendicularia_spp,Larvae_Fish,0
Strombidium_spp,Larvae_Nauplii,0
Emiliania_huxleyi,Larvae_Nauplii,0
Phaeocystis_antarctica,Larvae_Nauplii,0
Diatoms_benthic,Larvae_Nauplii,0
Diatoms_centric,Larvae_Nauplii,0
Diatoms_pennate,Larvae_Nauplii,0
Gymnodinium_sp,Larvae_Nauplii,0
Themisto_gaudichaudii,Lepidonotothen_squamifrons,0
Lepidonotothen_squamifrons,Lepidonotothen_squamifrons,0
Austrodoris_sp,Lepidonotothen_squamifrons,0
Eggs_Fish,Lepidonotothen_squamifrons,0
Pseudosagitta_gazellae,Lepidonotothen_squamifrons,0
Tinerfe_cyanea,Lepidonotothen_squamifrons,0
Aega_semicarinata,Lepidonotothen_squamifrons,0
Laetmonice_producta,Lepidonotothen_squamifrons,0
Euphausia_spp,Lepidonotothen_squamifrons,0
Detritus,Leptochiton_kerguelensis,0
Bryozoa,Leptochiton_kerguelensis,0
Bryozoa,Leptochiton_medinae,0
Detritus,Leptochiton_medinae,0
Detritus,Leptychaster_sp,0
Detritus,Leucon_septemdentatus,0
Detritus,Leucothoe_spinicarpa,0
Detritus,Libidoclaea_granaria,0
Diatoms_centric,Limopsis_sp,0
Diatoms_pennate,Limopsis_sp,0
Dinoflagellates_heterosol,Limopsis_sp,0
Detritus,Limopsis_sp,0
Detritus,Liotella_crassicostata,0
Diatoms_benthic,Brachiopoda_spp,0
Detritus,Brachiopoda_spp,0
Brachiopoda_spp,Lithodes_confundens,0
Thouarella_spp,Lithodes_confundens,0
Austrocidaris_canaliculata,Lithodes_confundens,0
Austrocidaris_spinulosida,Lithodes_confundens,0
Pseudechinus_magellanicus,Lithodes_confundens,0
Schizasteridae,Lithodes_confundens,0
Sterechinus_agassizii,Lithodes_confundens,0
Necromass,Lithodes_confundens,0
Brachiopoda_spp,Lithodes_couesi,0
Thouarella_spp,Lithodes_couesi,0
Austrocidaris_canaliculata,Lithodes_couesi,0
Austrocidaris_spinulosida,Lithodes_couesi,0
Pseudechinus_magellanicus,Lithodes_couesi,0
Schizasteridae,Lithodes_couesi,0
Sterechinus_agassizii,Lithodes_couesi,0
Necromass,Lithodes_couesi,0
Thouarella_spp,Lithodes_turkayi,0
Austrocidaris_canaliculata,Lithodes_turkayi,0
Austrocidaris_spinulosida,Lithodes_turkayi,0
Pseudechinus_magellanicus,Lithodes_turkayi,0
Schizasteridae,Lithodes_turkayi,0
Sterechinus_agassizii,Lithodes_turkayi,0
Necromass,Lithodes_turkayi,0
Bacteria,Lohmanniella_sp,0
Cirratulidae,Lumbrineridae,0
Limopsis_sp,Lysasterias_sp,0
Ophiacantha_sp,Lysasterias_sp,0
Astrotoma_agassizii,Lysasterias_sp,0
Gorgonocephalus_chilensis,Lysasterias_sp,0
Detritus,Lysasterias_sp,0
Micromesistius_australis,Macronectes_giganteus,0
Sprattus_fuegensis,Macronectes_giganteus,0
Necromass,Macronectes_giganteus,0
Euphausia_spp,Macronectes_giganteus,0
Grimothea_gregaria,Macronectes_giganteus,0
Doryteuthis_gahi,Macronectes_giganteus,0
Dissostichus_eleginoides,Macronectes_giganteus,0
Micromesistius_australis,Macronectes_halli,0
Sprattus_fuegensis,Macronectes_halli,0
Necromass,Macronectes_halli,0
Euphausia_spp,Macronectes_halli,0
Dissostichus_eleginoides,Macronectes_halli,0
Doryteuthis_gahi,Macronectes_halli,0
Campylonotus_vagans,Macrourus_carinatus,0
Thymops_birsteini,Macrourus_carinatus,0
Patagonotothen_ramsayi,Macrourus_carinatus,0
Coelorinchus_fasciatus,Macrourus_carinatus,0
Iluocoetes_fimbriatus,Macrourus_carinatus,0
Sprattus_fuegensis,Macrourus_carinatus,0
Eukrohnia_hamata,Macrourus_carinatus,0
Euphausia_spp,Macrourus_carinatus,0
Pseudosagitta_gazellae,Macrourus_carinatus,0
Serratosagitta_tasmanica,Macrourus_carinatus,0
Tinerfe_cyanea,Macrourus_carinatus,0
Pagurus_comptus,Macrourus_carinatus,0
Pagurus_forceps,Macrourus_carinatus,0
Doryteuthis_gahi,Macrourus_holotrachys,0
Euphausia_spp,Macrourus_holotrachys,0
Campylonotus_vagans,Macrourus_holotrachys,0
Lithodes_confundens,Macrourus_holotrachys,0
Lithodes_couesi,Macrourus_holotrachys,0
Lithodes_turkayi,Macrourus_holotrachys,0
Thymops_birsteini,Macrourus_holotrachys,0
Necromass,Macrourus_holotrachys,0
Tinerfe_cyanea,Macrourus_holotrachys,0
Eteone_spp,Macrourus_holotrachys,0
Euphausia_spp,Macrourus_whitsoni,0
Doryteuthis_gahi,Macrourus_whitsoni,0
Grimothea_gregaria,Macruronus_novaezelandiae,0
Patagonotothen_ramsayi,Macruronus_novaezelandiae,0
Macruronus_novaezelandiae,Macruronus_novaezelandiae,0
Micromesistius_australis,Macruronus_novaezelandiae,0
Salpa_thompsoni,Macruronus_novaezelandiae,0
Tinerfe_cyanea,Macruronus_novaezelandiae,0
Larvae_Fish,Macruronus_novaezelandiae,0
Sprattus_fuegensis,Macruronus_novaezelandiae,0
Euphausia_spp,Macruronus_novaezelandiae,0
Themisto_gaudichaudii,Macruronus_novaezelandiae,0
Diatoms_benthic,Magelona_alleni,0
Diatoms_centric,Magelona_alleni,0
Diatoms_pennate,Magelona_alleni,0
Detritus,Magelona_alleni,0
Notophycis_marginata,Mancopsetta_maculata,0
Euphausia_spp,Mancopsetta_maculata,0
Boccardia_sp,Mancopsetta_maculata,0
Doryteuthis_gahi,Melanostigma_gelatinosum,0
Euphausia_spp,Melanostigma_gelatinosum,0
Pseudosagitta_gazellae,Melanostigma_gelatinosum,0
Detritus,Meridiosignum_menziesi,0
Detritus,Meridiosignum_undulatum,0
Dissostichus_eleginoides,Mesoplodon_bowdoini,0
Micromesistius_australis,Mesoplodon_bowdoini,0
Doryteuthis_gahi,Mesoplodon_grayi,0
Dissostichus_eleginoides,Mesoplodon_grayi,0
Micromesistius_australis,Mesoplodon_grayi,0
Doryteuthis_gahi,Mesoplodon_layardii,0
Dissostichus_eleginoides,Mesoplodon_layardii,0
Micromesistius_australis,Mesoplodon_layardii,0
Macruronus_novaezelandiae,Mesoplodon_layardii,0
Clavularia_sp,Metepimeria_acanthurus,0
Doryteuthis_gahi,Micromesistius_australis,0
Notophycis_marginata,Micromesistius_australis,0
Grimothea_gregaria,Micromesistius_australis,0
Grimothea_spinosa,Micromesistius_australis,0
Patagonotothen_ramsayi,Micromesistius_australis,0
Pogonolycus_elegans,Micromesistius_australis,0
Myxine_spp,Micromesistius_australis,0
Melanostigma_gelatinosum,Micromesistius_australis,0
Iluocoetes_fimbriatus,Micromesistius_australis,0
Micromesistius_australis,Micromesistius_australis,0
Pseudosagitta_gazellae,Micromesistius_australis,0
Eukrohnia_hamata,Micromesistius_australis,0
Serratosagitta_tasmanica,Micromesistius_australis,0
Euphausia_spp,Micromesistius_australis,0
Themisto_gaudichaudii,Micromesistius_australis,0
Detritus,Moruloidea_darwinii,0
Detritus,Munna_gallardoi,0
Detritus,Munna_longipoda,0
Detritus,Munna_pallida,0
Detritus,Munnogonium_diplonychia,0
Detritus,Munnogonium_falklandicum,0
Pelagobia_longicirrata,Muraenolepis_spp,0
Colossendeis_megalonyx,Muraenolepis_spp,0
Euphausia_spp,Muraenolepis_spp,0
Diatoms_benthic,Poecilosclerida,0
Diatoms_centric,Poecilosclerida,0
Diatoms_pennate,Poecilosclerida,0
Detritus,Poecilosclerida,0
Emiliania_huxleyi,Poecilosclerida,0
Phaeocystis_antarctica,Poecilosclerida,0
Azadinium_sp,Poecilosclerida,0
Dinoflagellates_heterosol,Poecilosclerida,0
Foraminifera,Poecilosclerida,0
Synechococcus_sp,Poecilosclerida,0
Dictyocha_speculum,Poecilosclerida,0
Necromass,Myxine_spp,0
Pagurus_comptus,Myxine_spp,0
Pagurus_forceps,Myxine_spp,0
Detritus,Myxine_spp,0
Necromass,Natatolana_pastorei,0
Detritus,Neasellus_argentinensis,0
Detritus,Neasellus_bicarinatus,0
Diatoms_benthic,Neocalanus_tonsus,0
Diatoms_centric,Neocalanus_tonsus,0
Diatoms_pennate,Neocalanus_tonsus,0
Azadinium_sp,Neocalanus_tonsus,0
Dinoflagellates_heterosol,Neocalanus_tonsus,0
Gymnodinium_sp,Neocalanus_tonsus,0
Larvae_Nauplii,Neocalanus_tonsus,0
Detritus,Neojaera_antarctica,0
Detritus,Neoserolis_exigua,0
Diatoms_benthic,Nephtys_sp,0
Diatoms_centric,Nephtys_sp,0
Diatoms_pennate,Nephtys_sp,0
Foraminifera,Nephtys_sp,0
Detritus,Nephtys_sp,0
Orbiniidae,Nephtys_sp,0
Eteone_spp,Nephtys_sp,0
Detritus,Nicolea_chilensis,0
Detritus,Nicon_maculata,0
Diatoms_pennate,Nicon_maculata,0
Foraminifera,Nicon_maculata,0
Boccardia_sp,Nicon_maculata,0
Nephtys_sp,Nicon_maculata,0
Polydora_sp,Nicon_maculata,0
Spiophanes_sp,Nicon_maculata,0
Foraminifera,Nothria_anoculata,0
Detritus,Nothria_anoculata,0
Detritus,Notioceramus_anomalus,0
Convexella_magelhaenica,Notioceramus_anomalus,0
Ideogorgia_laurae,Notioceramus_anomalus,0
Primnoella_scotiae,Notioceramus_anomalus,0
Primnoisis_antarctica,Notioceramus_anomalus,0
Bryozoa,Nuttallochiton_hyadesi,0
Detritus,Nuttallochiton_hyadesi,0
Bryozoa,Nuttallochiton_martiali,0
Detritus,Nuttallochiton_martiali,0
Detritus,Obelia_spp,0
Calanus_spp,Oceanites_sp,0
Clausocalanus_spp,Oceanites_sp,0
Ctenocalanus_vanus,Oceanites_sp,0
Drepanopus_forcipatus,Oceanites_sp,0
Neocalanus_tonsus,Oceanites_sp,0
Oithona_spp,Oceanites_sp,0
Pseudosagitta_gazellae,Oceanites_sp,0
Rhincalanus_gigas,Oceanites_sp,0
Themisto_gaudichaudii,Oceanites_sp,0
Doryteuthis_gahi,Oceanites_sp,0
Obelia_spp,Oceanites_sp,0
Tulpa_tulipifera,Oceanites_sp,0
Euphausia_spp,Oceanites_sp,0
Aplidium_spp,Odontaster_penicillatus,0
Ascidia_meridionalis,Odontaster_penicillatus,0
Cnemidocarpa_spp,Odontaster_penicillatus,0
Didemnum_studeri,Odontaster_penicillatus,0
Pyura_spp,Odontaster_penicillatus,0
Sycozoa_sigillinoides,Odontaster_penicillatus,0
Necromass,Odontaster_penicillatus,0
Haplosclerida,Odontaster_sp,0
Poecilosclerida,Odontaster_sp,0
Pteraster_affinis,Odontaster_sp,0
Aplidium_spp,Odontaster_sp,0
Ascidia_meridionalis,Odontaster_sp,0
Cnemidocarpa_spp,Odontaster_sp,0
Didemnum_studeri,Odontaster_sp,0
Pyura_spp,Odontaster_sp,0
Sycozoa_sigillinoides,Odontaster_sp,0
Detritus,Odontaster_sp,0
Necromass,Odontaster_sp,0
Necromass,Odontasteridae,0
Zygochlamys_patagonica,Odontocymbiola_magellanica,0
Fusitriton_magellanicus,Odontocymbiola_magellanica,0
Oithona_spp,Oenonidae,0
Emiliania_huxleyi,Oithona_spp,0
Phaeocystis_antarctica,Oithona_spp,0
Diatoms_benthic,Oithona_spp,0
Diatoms_centric,Oithona_spp,0
Diatoms_pennate,Oithona_spp,0
Dinoflagellates_heterosol,Oithona_spp,0
Gymnodinium_sp,Oithona_spp,0
Larvae_Nauplii,Oithona_spp,0
Strombidium_spp,Oithona_spp,0
Foraminifera,Oithona_spp,0
Dictyocha_speculum,Oithona_spp,0
Pseudosagitta_gazellae,Oithona_spp,0
Detritus,Onoba_spp,0
Detritus,Onuphis_pseudoiridescens,0
Foraminifera,Ophiacantha_sp,0
Calanus_spp,Ophiacantha_vivipara,0
Clausocalanus_spp,Ophiacantha_vivipara,0
Ctenocalanus_vanus,Ophiacantha_vivipara,0
Drepanopus_forcipatus,Ophiacantha_vivipara,0
Neocalanus_tonsus,Ophiacantha_vivipara,0
Oithona_spp,Ophiacantha_vivipara,0
Detritus,Ophiactis_sp,0
Ophiactis_sp,Ophiactis_sp,0
Diatoms_benthic,Ophiocten_amitinum,0
Diatoms_centric,Ophiocten_amitinum,0
Diatoms_pennate,Ophiocten_amitinum,0
Diatoms_benthic,Ophiolimna_antarctica,0
Diatoms_centric,Ophiolimna_antarctica,0
Diatoms_pennate,Ophiolimna_antarctica,0
Foraminifera,Ophiolimna_antarctica,0
Dictyocha_speculum,Ophioplinthus_confragosa,0
Dictyocha_speculum,Ophioplinthus_inornata,0
Foraminifera,Orbiniidae,0
Bacteria,Orbiniidae,0
Diatoms_benthic,Orbiniidae,0
Diatoms_centric,Orbiniidae,0
Diatoms_pennate,Orbiniidae,0
Diatoms_benthic,Ornatoscalpellum_gibberum,0
Diatoms_centric,Ornatoscalpellum_gibberum,0
Diatoms_pennate,Ornatoscalpellum_gibberum,0
Doryteuthis_gahi,Otaria_flavescens,0
Amblyraja_doellojuradoi,Otaria_flavescens,0
Genypterus_blacodes,Otaria_flavescens,0
Enteroctopodidae,Otaria_flavescens,0
Grimothea_gregaria,Otaria_flavescens,0
Dissostichus_eleginoides,Otaria_flavescens,0
Macrourus_carinatus,Otaria_flavescens,0
Macrourus_holotrachys,Otaria_flavescens,0
Macrourus_whitsoni,Otaria_flavescens,0
Macruronus_novaezelandiae,Otaria_flavescens,0
Muraenolepis_spp,Otaria_flavescens,0
Notophycis_marginata,Otaria_flavescens,0
Patagonotothen_cornucola,Otaria_flavescens,0
Patagonotothen_elegans,Otaria_flavescens,0
Patagonotothen_guntheri,Otaria_flavescens,0
Patagonotothen_kreffti,Otaria_flavescens,0
Patagonotothen_ramsayi,Otaria_flavescens,0
Coelorinchus_fasciatus,Otaria_flavescens,0
Coelorinchus_kayomaru,Otaria_flavescens,0
Coelorinchus_marinii,Otaria_flavescens,0
Guttigadus_kongi,Otaria_flavescens,0
Salilota_australis,Otaria_flavescens,0
Micromesistius_australis,Otaria_flavescens,0
Sprattus_fuegensis,Otaria_flavescens,0
Grimothea_gregaria,Pachyptila_sp,0
Halicarcinus_planatus,Pachyptila_sp,0
Themisto_gaudichaudii,Pachyptila_sp,0
Jassa_alonsoae,Pachyptila_sp,0
Polycheria_spp,Pachyptila_sp,0
Doryteuthis_gahi,Pachyptila_sp,0
Calanus_spp,Pachyptila_sp,0
Clausocalanus_spp,Pachyptila_sp,0
Ctenocalanus_vanus,Pachyptila_sp,0
Drepanopus_forcipatus,Pachyptila_sp,0
Euphausia_spp,Pachyptila_sp,0
Neocalanus_tonsus,Pachyptila_sp,0
Pseudosagitta_gazellae,Pachyptila_sp,0
Rhincalanus_gigas,Pachyptila_sp,0
Detritus,Pagurus_comptus,0
Necromass,Pagurus_comptus,0
Brachiopoda_spp,Pagurus_comptus,0
Detritus,Pagurus_forceps,0
Necromass,Pagurus_forceps,0
Brachiopoda_spp,Pagurus_forceps,0
Necromass,Parabuccinum_politum,0
Brachiopoda_spp,Paralomis_granulosa,0
Bryozoa,Paralomis_granulosa,0
Pseudechinus_magellanicus,Paralomis_granulosa,0
Foraminifera,Paralomis_granulosa,0
Calliostoma_spp,Paralomis_granulosa,0
Margarella_spp,Paralomis_granulosa,0
Emiliania_huxleyi,Paralomis_granulosa,0
Phaeocystis_antarctica,Paralomis_granulosa,0
Brachiopoda_spp,Paralomis_spinosissima,0
Detritus,Paramunna_integra,0
Bacteria,Paraonidae,0
Diatoms_benthic,Paraonidae,0
Diatoms_centric,Paraonidae,0
Diatoms_pennate,Paraonidae,0
Foraminifera,Paraonidae,0
Detritus,Paraonidae,0
Limopsis_sp,Parborlasia_corrugatus,0
Isosicyonis_alba,Parborlasia_corrugatus,0
Acodontaster_sp,Parborlasia_corrugatus,0
Bathybiaster_loripes,Parborlasia_corrugatus,0
Diplasterias_brucei,Parborlasia_corrugatus,0
Lysasterias_sp,Parborlasia_corrugatus,0
Notioceramus_anomalus,Parborlasia_corrugatus,0
Odontaster_sp,Parborlasia_corrugatus,0
Perknaster_sp,Parborlasia_corrugatus,0
Pteraster_affinis,Parborlasia_corrugatus,0
Detritus,Parborlasia_corrugatus,0
Eucranta_sp,Parborlasia_corrugatus,0
Harmothoe_sp,Parborlasia_corrugatus,0
Laetmonice_producta,Parborlasia_corrugatus,0
Pista_spp,Parborlasia_corrugatus,0
Polyeunoa_laevis,Parborlasia_corrugatus,0
Clathria_spp,Parborlasia_corrugatus,0
Haplosclerida,Parborlasia_corrugatus,0
Latrunculia_sp,Parborlasia_corrugatus,0
Poecilosclerida,Parborlasia_corrugatus,0
Tedania_sp,Parborlasia_corrugatus,0
Brachiopoda_spp,Patagonotothen_cornucola,0
Brachiopoda_spp,Patagonotothen_elegans,0
Eggs_Fish,Patagonotothen_guntheri,0
Eukrohnia_hamata,Patagonotothen_guntheri,0
Euphausia_spp,Patagonotothen_guntheri,0
Pseudosagitta_gazellae,Patagonotothen_guntheri,0
Serratosagitta_tasmanica,Patagonotothen_guntheri,0
Calanus_spp,Patagonotothen_guntheri,0
Clausocalanus_spp,Patagonotothen_guntheri,0
Ctenocalanus_vanus,Patagonotothen_guntheri,0
Drepanopus_forcipatus,Patagonotothen_guntheri,0
Neocalanus_tonsus,Patagonotothen_guntheri,0
Rhincalanus_gigas,Patagonotothen_guntheri,0
Jassa_alonsoae,Patagonotothen_guntheri,0
Themisto_gaudichaudii,Patagonotothen_guntheri,0
Bryozoa,Patagonotothen_guntheri,0
Campylaspis_spp,Patagonotothen_guntheri,0
Cumella_argentinae,Patagonotothen_guntheri,0
Diastylis_granulata,Patagonotothen_guntheri,0
Diastylis_hammoniae,Patagonotothen_guntheri,0
Diastylis_planifrons,Patagonotothen_guntheri,0
Ekleptostylis_heardi,Patagonotothen_guntheri,0
Ekleptostylis_vemae,Patagonotothen_guntheri,0
Eudorella_sp,Patagonotothen_guntheri,0
Hemilamprops_chilensis,Patagonotothen_guntheri,0
Holostylis_uniramosa,Patagonotothen_guntheri,0
Leucon_septemdentatus,Patagonotothen_guntheri,0
Platytyphlops_sarahae,Patagonotothen_guntheri,0
Lithodes_confundens,Patagonotothen_guntheri,0
Lithodes_couesi,Patagonotothen_guntheri,0
Lithodes_turkayi,Patagonotothen_guntheri,0
Grimothea_gregaria,Patagonotothen_guntheri,0
Sympagurus_dimorphus,Patagonotothen_guntheri,0
Pareuthria_spp,Patagonotothen_guntheri,0
Ianthopsis_laevis,Patagonotothen_guntheri,0
Eunereis_patagonica,Patagonotothen_guntheri,0
Nicon_maculata,Patagonotothen_guntheri,0
Brachiopoda_spp,Patagonotothen_guntheri,0
Patagonotothen_guntheri,Patagonotothen_guntheri,0
Trophon_ohlini,Patagonotothen_guntheri,0
Trophon_plicatus,Patagonotothen_guntheri,0
Acanthoserolis_schythei,Patagonotothen_guntheri,0
Aglaophamus_virginis,Patagonotothen_guntheri,0
Ampharete_kerguelensis,Patagonotothen_guntheri,0
Anobothrus_sp,Patagonotothen_guntheri,0
Cirratulidae,Patagonotothen_guntheri,0
Eunice_pennata,Patagonotothen_guntheri,0
Nephtys_sp,Patagonotothen_guntheri,0
Oithona_spp,Patagonotothen_guntheri,0
Tinerfe_cyanea,Patagonotothen_guntheri,0
Neoserolis_exigua,Patagonotothen_guntheri,0
Eteone_spp,Patagonotothen_guntheri,0
Brachiopoda_spp,Patagonotothen_kreffti,0
Grimothea_gregaria,Patagonotothen_ramsayi,0
Campylonotus_vagans,Patagonotothen_ramsayi,0
Iluocoetes_fimbriatus,Patagonotothen_ramsayi,0
Ampharete_kerguelensis,Patagonotothen_ramsayi,0
Anobothrus_sp,Patagonotothen_ramsayi,0
Eucranta_sp,Patagonotothen_ramsayi,0
Harmothoe_sp,Patagonotothen_ramsayi,0
Hermadion_magalhaensi,Patagonotothen_ramsayi,0
Polyeunoa_laevis,Patagonotothen_ramsayi,0
Themisto_gaudichaudii,Patagonotothen_ramsayi,0
Calanus_spp,Patagonotothen_ramsayi,0
Clausocalanus_spp,Patagonotothen_ramsayi,0
Ctenocalanus_vanus,Patagonotothen_ramsayi,0
Drepanopus_forcipatus,Patagonotothen_ramsayi,0
Euphausia_spp,Patagonotothen_ramsayi,0
Neocalanus_tonsus,Patagonotothen_ramsayi,0
Rhincalanus_gigas,Patagonotothen_ramsayi,0
Eukrohnia_hamata,Patagonotothen_ramsayi,0
Pseudosagitta_gazellae,Patagonotothen_ramsayi,0
Serratosagitta_tasmanica,Patagonotothen_ramsayi,0
Jassa_alonsoae,Patagonotothen_ramsayi,0
Leucothoe_spinicarpa,Patagonotothen_ramsayi,0
Phoxocephalus_sp,Patagonotothen_ramsayi,0
Tryphosella_sp,Patagonotothen_ramsayi,0
Parborlasia_corrugatus,Patagonotothen_ramsayi,0
Zygochlamys_patagonica,Patagonotothen_ramsayi,0
Bryozoa,Patagonotothen_ramsayi,0
Eudorella_sp,Patagonotothen_ramsayi,0
Eurypodius_latreillii,Patagonotothen_ramsayi,0
Libidoclaea_granaria,Patagonotothen_ramsayi,0
Lithodes_confundens,Patagonotothen_ramsayi,0
Pagurus_comptus,Patagonotothen_ramsayi,0
Pagurus_forceps,Patagonotothen_ramsayi,0
Gorgonocephalus_chilensis,Patagonotothen_ramsayi,0
Ophiura_lymani,Patagonotothen_ramsayi,0
Sprattus_fuegensis,Patagonotothen_ramsayi,0
Austrodoris_sp,Patagonotothen_ramsayi,0
Acanthoserolis_schythei,Patagonotothen_ramsayi,0
Antarcturidae,Patagonotothen_ramsayi,0
Natatolana_pastorei,Patagonotothen_ramsayi,0
Eunereis_patagonica,Patagonotothen_ramsayi,0
Nicolea_chilensis,Patagonotothen_ramsayi,0
Nicon_maculata,Patagonotothen_ramsayi,0
Pista_spp,Patagonotothen_ramsayi,0
Terebellides_malvinensis,Patagonotothen_ramsayi,0
Thelepus_sp,Patagonotothen_ramsayi,0
Salpa_thompsoni,Patagonotothen_ramsayi,0
Brachiopoda_spp,Patagonotothen_ramsayi,0
Tinerfe_cyanea,Patagonotothen_ramsayi,0
Diatoms_centric,Pelagobia_longicirrata,0
Foraminifera,Pelagobia_longicirrata,0
Dinoflagellates_heterosol,Pelagobia_longicirrata,0
Pelagobia_longicirrata,Pelagobia_longicirrata,0
Dictyocha_speculum,Pelagobia_longicirrata,0
Pseudosagitta_gazellae,Pelagobia_longicirrata,0
Calanus_spp,Pelecanoides_sp,0
Clausocalanus_spp,Pelecanoides_sp,0
Ctenocalanus_vanus,Pelecanoides_sp,0
Drepanopus_forcipatus,Pelecanoides_sp,0
Neocalanus_tonsus,Pelecanoides_sp,0
Oithona_spp,Pelecanoides_sp,0
Rhincalanus_gigas,Pelecanoides_sp,0
Themisto_gaudichaudii,Pelecanoides_sp,0
Halicarcinus_planatus,Pelecanoides_sp,0
Euphausia_spp,Pelecanoides_sp,0
Diatoms_benthic,Pentactella_leonina,0
Diatoms_centric,Pentactella_leonina,0
Diatoms_pennate,Pentactella_leonina,0
Detritus,Pentactella_leonina,0
Diatoms_benthic,Pentactella_perrieri,0
Diatoms_centric,Pentactella_perrieri,0
Diatoms_pennate,Pentactella_perrieri,0
Detritus,Pentactella_perrieri,0
Detritus,Perknaster_fuscus,0
Haplosclerida,Perknaster_fuscus,0
Poecilosclerida,Perknaster_fuscus,0
Poecilosclerida,Perknaster_sp,0
Enteroctopodidae,Phalacrocorax_atriceps,0
Agonopsis_chiloensis,Phalacrocorax_atriceps,0
Micromesistius_australis,Phalacrocorax_atriceps,0
Muraenolepis_spp,Phalacrocorax_atriceps,0
Brachiopoda_spp,Phalacrocorax_atriceps,0
Lepidonotothen_squamifrons,Phalacrocorax_atriceps,0
Sprattus_fuegensis,Phalacrocorax_atriceps,0
Detritus,Phoxocephalus_sp,0
Detritus,Pista_spp,0
Detritus,Platytyphlops_sarahae,0
Detritus,Pleurosignum_chilense,0
Detritus,Pleurosignum_magnum,0
Diatoms_benthic,Polycheria_spp,0
Diatoms_centric,Polycheria_spp,0
Diatoms_pennate,Polycheria_spp,0
Detritus,Polycheria_spp,0
Bacteria,Polycitor_glareosus,0
Emiliania_huxleyi,Polycitor_glareosus,0
Phaeocystis_antarctica,Polycitor_glareosus,0
Diatoms_benthic,Polycitor_glareosus,0
Diatoms_centric,Polycitor_glareosus,0
Diatoms_pennate,Polycitor_glareosus,0
Azadinium_sp,Polycitor_glareosus,0
Dinoflagellates_heterosol,Polycitor_glareosus,0
Gymnodinium_sp,Polycitor_glareosus,0
Detritus,Polycitor_glareosus,0
Bacteria,Polyclinidae,0
Emiliania_huxleyi,Polyclinidae,0
Phaeocystis_antarctica,Polyclinidae,0
Azadinium_sp,Polyclinidae,0
Dinoflagellates_heterosol,Polyclinidae,0
Gymnodinium_sp,Polyclinidae,0
Detritus,Polyclinidae,0
Diatoms_benthic,Polydora_sp,0
Diatoms_centric,Polydora_sp,0
Diatoms_pennate,Polydora_sp,0
Cirratulidae,Polydora_sp,0
Foraminifera,Polydora_sp,0
Orbiniidae,Polydora_sp,0
Boccardia_sp,Polydora_sp,0
Polydora_sp,Polydora_sp,0
Spiophanes_sp,Polydora_sp,0
Oithona_spp,Polydora_sp,0
Alcyonium_antarcticum,Polyeunoa_laevis,0
Detritus,Polyeunoa_laevis,0
Detritus,Potamilla_sp,0
Detritus,Primnoella_scotiae,0
Cyrtostrombidium_sp,Primnoella_scotiae,0
Laboea_strobila,Primnoella_scotiae,0
Lohmanniella_sp,Primnoella_scotiae,0
Strobilidium_sp,Primnoella_scotiae,0
Strombidinopsis_sp,Primnoella_scotiae,0
Strombidium_spp,Primnoella_scotiae,0
Diatoms_centric,Primnoella_scotiae,0
Dinoflagellates_heterosol,Primnoella_scotiae,0
Cyrtostrombidium_sp,Primnoisis_antarctica,0
Laboea_strobila,Primnoisis_antarctica,0
Lohmanniella_sp,Primnoisis_antarctica,0
Strobilidium_sp,Primnoisis_antarctica,0
Strombidinopsis_sp,Primnoisis_antarctica,0
Strombidium_spp,Primnoisis_antarctica,0
Diatoms_benthic,Primnoisis_antarctica,0
Diatoms_centric,Primnoisis_antarctica,0
Diatoms_pennate,Primnoisis_antarctica,0
Dinoflagellates_heterosol,Primnoisis_antarctica,0
Detritus,Primnoisis_antarctica,0
Dissostichus_eleginoides,Procellaria_aequinoctialis,0
Necromass,Procellaria_aequinoctialis,0
Euphausia_spp,Procellaria_aequinoctialis,0
Themisto_gaudichaudii,Procellaria_aequinoctialis,0
Patagonotothen_guntheri,Procellaria_aequinoctialis,0
Coelorinchus_fasciatus,Procellaria_aequinoctialis,0
Micromesistius_australis,Procellaria_aequinoctialis,0
Doryteuthis_gahi,Procellaria_aequinoctialis,0
Necromass,Prosipho_crassicostatus,0
Gymnodinium_sp,Protoperidinium_sp,0
Diatoms_centric,Protoperidinium_sp,0
Diatoms_benthic,Protoperidinium_sp,0
Diatoms_pennate,Protoperidinium_sp,0
Acanthoserolis_schythei,Psammobatis_rudis,0
Libidoclaea_granaria,Psammobatis_rudis,0
Grimothea_gregaria,Psammobatis_rudis,0
Tinerfe_cyanea,Psammobatis_rudis,0
Bryozoa,Pseudechinus_magellanicus,0
Foraminifera,Pseudechinus_magellanicus,0
Odostomia_sp,Pseudechinus_magellanicus,0
Turbonilla_strebeli,Pseudechinus_magellanicus,0
Detritus,Pseudidothea_miersi,0
Dictyocha_speculum,Pseudosagitta_gazellae,0
Foraminifera,Pseudosagitta_gazellae,0
Rhodalia_miranda,Pseudosagitta_gazellae,0
Diatoms_centric,Pseudosagitta_gazellae,0
Azadinium_sp,Pseudosagitta_gazellae,0
Dinoflagellates_heterosol,Pseudosagitta_gazellae,0
Gymnodinium_sp,Pseudosagitta_gazellae,0
Pelagobia_longicirrata,Pseudosagitta_gazellae,0
Euphausia_spp,Pseudosagitta_gazellae,0
Pseudosagitta_gazellae,Pseudosagitta_gazellae,0
Larvae_Fish,Pseudosagitta_gazellae,0
Appendicularia_spp,Pseudosagitta_gazellae,0
Calanus_spp,Pseudosagitta_gazellae,0
Diatoms_benthic,Psolus_antarcticus,0
Detritus,Psolus_antarcticus,0
Diatoms_benthic,Psolus_patagonicus,0
Detritus,Psolus_patagonicus,0
Diatoms_benthic,Psolus_segregatus,0
Detritus,Psolus_segregatus,0
Colossendeis_megalonyx,Psychrolutes_marmoratus,0
Zygochlamys_patagonica,Psychrolutes_marmoratus,0
Bryozoa,Psychrolutes_marmoratus,0
Enteroctopodidae,Psychrolutes_marmoratus,0
Actinauge_longicornis,Psychrolutes_marmoratus,0
Actinostola_crassicornis,Psychrolutes_marmoratus,0
Bolocera_kerguelensis,Psychrolutes_marmoratus,0
Clavularia_sp,Psychrolutes_marmoratus,0
Dactylanthus_antarcticus,Psychrolutes_marmoratus,0
Hormathia_pectinata,Psychrolutes_marmoratus,0
Isosicyonis_alba,Psychrolutes_marmoratus,0
Paractis_laevis,Psychrolutes_marmoratus,0
Phelliactis_sp,Psychrolutes_marmoratus,0
Eurypodius_latreillii,Psychrolutes_marmoratus,0
Eurypodius_longirostris,Psychrolutes_marmoratus,0
Eurypodius_sp,Psychrolutes_marmoratus,0
Grimothea_gregaria,Psychrolutes_marmoratus,0
Paralomis_granulosa,Psychrolutes_marmoratus,0
Thymops_birsteini,Psychrolutes_marmoratus,0
Patagonotothen_ramsayi,Psychrolutes_marmoratus,0
Iluocoetes_fimbriatus,Psychrolutes_marmoratus,0
Myxine_spp,Psychrolutes_marmoratus,0
Austrodoris_sp,Psychrolutes_marmoratus,0
Acanthoserolis_schythei,Psychrolutes_marmoratus,0
Neoserolis_exigua,Psychrolutes_marmoratus,0
Eggs_Fish,Psychrolutes_marmoratus,0
Limopsis_sp,Pteraster_affinis,0
Aplidium_spp,Pteraster_sp,0
Zygochlamys_patagonica,Pteraster_sp,0
Halichondrida,Pteraster_sp,0
Detritus,Puncturella_conica,0
Latrunculia_sp,Puncturella_conica,0
Foraminifera,Puncturella_conica,0
Bacteria,Pyura_spp,0
Emiliania_huxleyi,Pyura_spp,0
Phaeocystis_antarctica,Pyura_spp,0
Diatoms_benthic,Pyura_spp,0
Diatoms_centric,Pyura_spp,0
Diatoms_pennate,Pyura_spp,0
Azadinium_sp,Pyura_spp,0
Dinoflagellates_heterosol,Pyura_spp,0
Gymnodinium_sp,Pyura_spp,0
Detritus,Pyura_spp,0
Detritus,Quetzogonium_dentatum,0
Detritus,Rectarcturus_kophameli,0
Detritus,Rectarcturus_tuberculatus,0
Cyrtostrombidium_sp,Rhincalanus_gigas,0
Laboea_strobila,Rhincalanus_gigas,0
Lohmanniella_sp,Rhincalanus_gigas,0
Strobilidium_sp,Rhincalanus_gigas,0
Strombidinopsis_sp,Rhincalanus_gigas,0
Strombidium_spp,Rhincalanus_gigas,0
Diatoms_benthic,Rhincalanus_gigas,0
Diatoms_pennate,Rhincalanus_gigas,0
Rhizosolenia_crassa,Rhincalanus_gigas,0
Azadinium_sp,Rhincalanus_gigas,0
Dinoflagellates_heterosol,Rhincalanus_gigas,0
Gymnodinium_sp,Rhincalanus_gigas,0
Dictyocha_speculum,Rhincalanus_gigas,0
Foraminifera,Rhincalanus_gigas,0
Pelagobia_longicirrata,Rhincalanus_gigas,0
Pelagobia_longicirrata,Rhodalia_miranda,0
Calanus_spp,Rhodalia_miranda,0
Bacteria,Sabellidae,0
Diatoms_benthic,Sabellidae,0
Diatoms_centric,Sabellidae,0
Diatoms_pennate,Sabellidae,0
Detritus,Sabellidae,0
Oithona_spp,Sabellidae,0
Grimothea_gregaria,Salilota_australis,0
Themisto_gaudichaudii,Salilota_australis,0
Cottoperca_trigloides,Salilota_australis,0
Dissostichus_eleginoides,Salilota_australis,0
Patagonotothen_ramsayi,Salilota_australis,0
Iluocoetes_fimbriatus,Salilota_australis,0
Micromesistius_australis,Salilota_australis,0
Sprattus_fuegensis,Salilota_australis,0
Euphausia_spp,Salilota_australis,0
Tinerfe_cyanea,Salilota_australis,0
Doryteuthis_gahi,Salilota_australis,0
Acanthoserolis_schythei,Salilota_australis,0
Neoserolis_exigua,Salilota_australis,0
Phaeocystis_antarctica,Salpa_thompsoni,0
Diatoms_centric,Salpa_thompsoni,0
Diatoms_pennate,Salpa_thompsoni,0
Rhizosolenia_crassa,Salpa_thompsoni,0
Dinoflagellates_heterosol,Salpa_thompsoni,0
Detritus,Salpa_thompsoni,0
Pelagobia_longicirrata,Salpa_thompsoni,0
Dictyocha_speculum,Salpa_thompsoni,0
Rhincalanus_gigas,Salpa_thompsoni,0
Eukrohnia_hamata,Salpa_thompsoni,0
Detritus,Santia_compacta,0
Detritus,Schizasteridae,0
Bacteria,Scissurella_clathrata,0
Hexactinellida,Seba_subantarctica,0
Bacteria,Serpula_spp,0
Larvae_Fish,Serratosagitta_tasmanica,0
Enteroctopodidae,Spheniscus_magellanicus,0
Micromesistius_australis,Spheniscus_magellanicus,0
Sprattus_fuegensis,Spheniscus_magellanicus,0
Agonopsis_chiloensis,Spheniscus_magellanicus,0
Doryteuthis_gahi,Spheniscus_magellanicus,0
Euphausia_spp,Spheniscus_magellanicus,0
Grimothea_gregaria,Spheniscus_magellanicus,0
Grimothea_spinosa,Spheniscus_magellanicus,0
Detritus,Spiophanes_sp,0
Orbiniidae,Spiophanes_sp,0
Foraminifera,Spiophanes_sp,0
Detritus,Sporonana_sp,0
Themisto_gaudichaudii,Sprattus_fuegensis,0
Diatoms_pennate,Sprattus_fuegensis,0
Larvae_Fish,Sprattus_fuegensis,0
Diatoms_centric,Sprattus_fuegensis,0
Appendicularia_spp,Sprattus_fuegensis,0
Eggs_Fish,Sprattus_fuegensis,0
Eukrohnia_hamata,Sprattus_fuegensis,0
Euphausia_spp,Sprattus_fuegensis,0
Pseudosagitta_gazellae,Sprattus_fuegensis,0
Serratosagitta_tasmanica,Sprattus_fuegensis,0
Calanus_spp,Sprattus_fuegensis,0
Clausocalanus_spp,Sprattus_fuegensis,0
Ctenocalanus_vanus,Sprattus_fuegensis,0
Drepanopus_forcipatus,Sprattus_fuegensis,0
Neocalanus_tonsus,Sprattus_fuegensis,0
Oithona_spp,Sprattus_fuegensis,0
Rhincalanus_gigas,Sprattus_fuegensis,0
Tinerfe_cyanea,Squalus_acanthias,0
Patagonotothen_ramsayi,Squalus_acanthias,0
Enteroctopodidae,Squalus_acanthias,0
Detritus,Stenothoidae,0
Haplosclerida,Sterechinus_agassizii,0
Zygochlamys_patagonica,Sterechinus_agassizii,0
Gymnodinium_sp,Strobilidium_sp,0
Bacteria,Strombidinopsis_sp,0
Bacteria,Strombidium_spp,0
Bacteria,Sycozoa_sigillinoides,0
Emiliania_huxleyi,Sycozoa_sigillinoides,0
Phaeocystis_antarctica,Sycozoa_sigillinoides,0
Diatoms_benthic,Sycozoa_sigillinoides,0
Diatoms_centric,Sycozoa_sigillinoides,0
Diatoms_pennate,Sycozoa_sigillinoides,0
Azadinium_sp,Sycozoa_sigillinoides,0
Dinoflagellates_heterosol,Sycozoa_sigillinoides,0
Gymnodinium_sp,Sycozoa_sigillinoides,0
Detritus,Sycozoa_sigillinoides,0
Bacteria,Syllidae,0
Diatoms_benthic,Syllidae,0
Diatoms_centric,Syllidae,0
Diatoms_pennate,Syllidae,0
Foraminifera,Syllidae,0
Detritus,Syllidae,0
Detritus,Sympagurus_dimorphus,0
Doryteuthis_gahi,Tasmacetus_shepherdi,0
Dissostichus_eleginoides,Tasmacetus_shepherdi,0
Micromesistius_australis,Tasmacetus_shepherdi,0
Brachiopoda_spp,Tectonatica_impervia,0
Astarte_sp,Tectonatica_impervia,0
Detritus,Tedania_sp,0
Detritus,Terebellides_malvinensis,0
Themisto_gaudichaudii,Thalassarche_chrysostoma,0
Macrourus_carinatus,Thalassarche_chrysostoma,0
Macrourus_holotrachys,Thalassarche_chrysostoma,0
Macrourus_whitsoni,Thalassarche_chrysostoma,0
Coelorinchus_fasciatus,Thalassarche_chrysostoma,0
Coelorinchus_kayomaru,Thalassarche_chrysostoma,0
Coelorinchus_marinii,Thalassarche_chrysostoma,0
Necromass,Thalassarche_chrysostoma,0
Doryteuthis_gahi,Thalassarche_chrysostoma,0
Dissostichus_eleginoides,Thalassarche_chrysostoma,0
Muraenolepis_spp,Thalassarche_chrysostoma,0
Pagurus_comptus,Thalassarche_chrysostoma,0
Pagurus_forceps,Thalassarche_chrysostoma,0
Lepidonotothen_squamifrons,Thalassarche_chrysostoma,0
Patagonotothen_guntheri,Thalassarche_chrysostoma,0
Euphausia_spp,Thalassarche_chrysostoma,0
Grimothea_gregaria,Thalassarche_melanophris,0
Themisto_gaudichaudii,Thalassarche_melanophris,0
Dissostichus_eleginoides,Thalassarche_melanophris,0
Necromass,Thalassarche_melanophris,0
Macrourus_carinatus,Thalassarche_melanophris,0
Margarella_spp,Thalassarche_melanophris,0
Aega_semicarinata,Thalassarche_melanophris,0
Doryteuthis_gahi,Thalassarche_melanophris,0
Micromesistius_australis,Thalassarche_melanophris,0
Guttigadus_kongi,Thalassarche_melanophris,0
Macrourus_whitsoni,Thalassarche_melanophris,0
Patagonotothen_guntheri,Thalassarche_melanophris,0
Mancopsetta_maculata,Thalassarche_melanophris,0
Muraenolepis_spp,Thalassarche_melanophris,0
Jassa_alonsoae,Thalassarche_melanophris,0
Halicarcinus_planatus,Thalassarche_melanophris,0
Lepidonotothen_squamifrons,Thalassarche_melanophris,0
Macrourus_holotrachys,Thalassarche_melanophris,0
Acanthoserolis_schythei,Thalassarche_melanophris,0
Neoserolis_exigua,Thalassarche_melanophris,0
Euphausia_spp,Thalassarche_melanophris,0
Sprattus_fuegensis,Thalassarche_melanophris,0
Diatoms_benthic,Thelepus_sp,0
Diatoms_centric,Thelepus_sp,0
Diatoms_pennate,Thelepus_sp,0
Larvae_Fish,Themisto_gaudichaudii,0
Pelagobia_longicirrata,Themisto_gaudichaudii,0
Calanus_spp,Themisto_gaudichaudii,0
Clausocalanus_spp,Themisto_gaudichaudii,0
Euphausia_spp,Themisto_gaudichaudii,0
Pseudosagitta_gazellae,Themisto_gaudichaudii,0
Diatoms_benthic,Themisto_gaudichaudii,0
Diatoms_centric,Themisto_gaudichaudii,0
Diatoms_pennate,Themisto_gaudichaudii,0
Bacteria,Thouarella_spp,0
Diatoms_benthic,Thouarella_spp,0
Detritus,Thouarella_spp,0
Cyrtostrombidium_sp,Thouarella_spp,0
Laboea_strobila,Thouarella_spp,0
Lohmanniella_sp,Thouarella_spp,0
Strobilidium_sp,Thouarella_spp,0
Strombidinopsis_sp,Thouarella_spp,0
Strombidium_spp,Thouarella_spp,0
Dinoflagellates_heterosol,Thouarella_spp,0
Brachiopoda_spp,Thymops_birsteini,0
Themisto_gaudichaudii,Tinerfe_cyanea,0
Bacteria,Tinerfe_cyanea,0
Eggs_Fish,Tinerfe_cyanea,0
Euphausia_spp,Tinerfe_cyanea,0
Larvae_Fish,Tinerfe_cyanea,0
Pseudosagitta_gazellae,Tinerfe_cyanea,0
Calanus_spp,Tinerfe_cyanea,0
Bryozoa,Tonicia_lebruni,0
Detritus,Tonicia_lebruni,0
Foraminifera,Travisia_kerguelensis,0
Detritus,Travisia_kerguelensis,0
Brachiopoda_spp,Trophon_ohlini,0
Astarte_sp,Trophon_ohlini,0
Cyclochlamys_argentina,Trophon_ohlini,0
Eurhomalea_sp,Trophon_ohlini,0
Hiatella_sp,Trophon_ohlini,0
Zygochlamys_patagonica,Trophon_ohlini,0
Calliostoma_spp,Trophon_ohlini,0
Colpospirella_algida,Trophon_ohlini,0
Epitonium_sp,Trophon_ohlini,0
Odostomia_sp,Trophon_ohlini,0
Pellilitorina_pellita,Trophon_ohlini,0
Brachiopoda_spp,Trophon_plicatus,0
Astarte_sp,Trophon_plicatus,0
Cyclochlamys_argentina,Trophon_plicatus,0
Eurhomalea_sp,Trophon_plicatus,0
Hiatella_sp,Trophon_plicatus,0
Zygochlamys_patagonica,Trophon_plicatus,0
Calliostoma_spp,Trophon_plicatus,0
Colpospirella_algida,Trophon_plicatus,0
Epitonium_sp,Trophon_plicatus,0
Odostomia_sp,Trophon_plicatus,0
Pellilitorina_pellita,Trophon_plicatus,0
Haplocheira_barbimana_robusta,Tryphosella_sp,0
Themisto_gaudichaudii,Tryphosella_sp,0
Tryphosella_sp,Tryphosella_sp,0
Themisto_gaudichaudii,Tryphosites_chevreuxi,0
Detritus,Tulpa_tulipifera,0
Detritus,Uromunna_nana,0
Detritus,Uromunna_sp,0
Doryteuthis_gahi,Ziphius_cavirostris,0
Dissostichus_eleginoides,Ziphius_cavirostris,0
Micromesistius_australis,Ziphius_cavirostris,0
Macruronus_novaezelandiae,Ziphius_cavirostris,0
Diatoms_benthic,Zygochlamys_patagonica,0
Diatoms_centric,Zygochlamys_patagonica,0
Diatoms_pennate,Zygochlamys_patagonica,0
Dinoflagellates_heterosol,Zygochlamys_patagonica,0
Foraminifera,Zygochlamys_patagonica,0
Detritus,Zygochlamys_patagonica,0
Dictyocha_speculum,Zygochlamys_patagonica,0
Larvae_Nauplii,Zygochlamys_patagonica,0
Sprattus_fuegensis,Fisheries,1
Patagonotothen_ramsayi,Fisheries,1
Dissostichus_eleginoides,Fisheries,1
Micromesistius_australis,Fisheries,1
Genypterus_blacodes,Fisheries,1
Amblyraja_doellojuradoi,Fisheries,1
Bathyraja_griseocauda,Fisheries,1
Macruronus_novaezelandiae,Fisheries,1
Doryteuthis_gahi,Fisheries,1
Latrunculia_sp,RawMat,1
Tedania_sp,RawMat,1
Alcyonium_antarcticum,RawMat,1
Anthoptilum_grandiflorum,RawMat,1
Clavularia_sp,RawMat,1
Convexella_magelhaenica,RawMat,1
Bryozoa,RawMat,1
Austrodoris_sp,RawMat,1
Astrotoma_agassizii,RawMat,1
Aplidium_spp,RawMat,1
Latrunculia_sp,HabitatForm,1
Tedania_sp,HabitatForm,1
Alcyonium_antarcticum,HabitatForm,1
Anthoptilum_grandiflorum,HabitatForm,1
Clavularia_sp,HabitatForm,1
Convexella_magelhaenica,HabitatForm,1
Bryozoa,HabitatForm,1
Clathria_spp,HabitatForm,1
Halichondrida,HabitatForm,1
Haplosclerida,HabitatForm,1
Hexactinellida,HabitatForm,1
Poecilosclerida,HabitatForm,1
Tetractinellida,HabitatForm,1
Asbestopluma_sp,HabitatForm,1
Calcarea,HabitatForm,1
Flabellum_spp,HabitatForm,1
Ideogorgia_laurae,HabitatForm,1
Primnoella_scotiae,HabitatForm,1
Primnoisis_antarctica,HabitatForm,1
Thouarella_spp,HabitatForm,1
Actinostola_crassicornis,HabitatForm,1
Balticina_africana,HabitatForm,1
Bolocera_kerguelensis,HabitatForm,1
Campanularia_sp,HabitatForm,1
Hormathia_pectinata,HabitatForm,1
Isosicyonis_alba,HabitatForm,1
Tulpa_tulipifera,HabitatForm,1
Orbiniidae,HabitatForm,1
Calliostoma_spp,HabitatForm,1
Colpospirella_algida,HabitatForm,1
Fuegotrophon_pallidus,HabitatForm,1
Margarella_spp,HabitatForm,1
Pareuthria_spp,HabitatForm,1
Trophon_ohlini,HabitatForm,1
Trophon_plicatus,HabitatForm,1
Brachiopoda_spp,HabitatForm,1
Zygochlamys_patagonica,Fisheries,1
Latrunculia_sp,Biopurification,1
Tedania_sp,Biopurification,1
Clathria_spp,Biopurification,1
Halichondrida,Biopurification,1
Haplosclerida,Biopurification,1
Hexactinellida,Biopurification,1
Poecilosclerida,Biopurification,1
Tetractinellida,Biopurification,1
Sprattus_fuegensis,Ccycling,1
Patagonotothen_ramsayi,Ccycling,1
Doryteuthis_gahi,Ccycling,1
Synechococcus_sp,Ccycling,1
Diatoms_benthic,Ccycling,1
Cyrtostrombidium_sp,Ccycling,1
Laboea_strobila,Ccycling,1
Lohmanniella_sp,Ccycling,1
Strobilidium_sp,Ccycling,1
Strombidinopsis_sp,Ccycling,1
Strombidium_spp,Ccycling,1
Latrunculia_sp,Csequestration,1
Tedania_sp,Csequestration,1
Clathria_spp,Csequestration,1
Halichondrida,Csequestration,1
Haplosclerida,Csequestration,1
Hexactinellida,Csequestration,1
Poecilosclerida,Csequestration,1
Tetractinellida,Csequestration,1
Alcyonium_antarcticum,Csequestration,1
Anthoptilum_grandiflorum,Csequestration,1
Clavularia_sp,Csequestration,1
Convexella_magelhaenica,Csequestration,1
Bryozoa,Csequestration,1
Asbestopluma_sp,Csequestration,1
Calcarea,Csequestration,1
Flabellum_spp,Csequestration,1
Ideogorgia_laurae,Csequestration,1
Primnoella_scotiae,Csequestration,1
Primnoisis_antarctica,Csequestration,1
Thouarella_spp,Csequestration,1
Astrotoma_agassizii,Csequestration,1
Gorgonocephalus_chilensis,Csequestration,1
Ophiacantha_sp,Csequestration,1
Ophiacantha_vivipara,Csequestration,1
Ophiactis_sp,Csequestration,1
Ophiocten_amitinum,Csequestration,1
Ophiolimna_antarctica,Csequestration,1
Ophioplinthus_confragosa,Csequestration,1
Ophioplinthus_inornata,Csequestration,1
Ophiura_lymani,Csequestration,1
Latrunculia_sp,LTCV,1
Tedania_sp,LTCV,1
Clathria_spp,LTCV,1
Halichondrida,LTCV,1
Haplosclerida,LTCV,1
Hexactinellida,LTCV,1
Poecilosclerida,LTCV,1
Tetractinellida,LTCV,1
Alcyonium_antarcticum,LTCV,1
Anthoptilum_grandiflorum,LTCV,1
Clavularia_sp,LTCV,1
Convexella_magelhaenica,LTCV,1
Bryozoa,LTCV,1
Asbestopluma_sp,LTCV,1
Calcarea,LTCV,1
Flabellum_spp,LTCV,1
Ideogorgia_laurae,LTCV,1
Primnoella_scotiae,LTCV,1
Primnoisis_antarctica,LTCV,1
Thouarella_spp,LTCV,1
Sprattus_fuegensis,LTCV,1
Patagonotothen_ramsayi,LTCV,1
Actinostola_crassicornis,LTCV,1
Balticina_africana,LTCV,1
Bolocera_kerguelensis,LTCV,1
Campanularia_sp,LTCV,1
Hormathia_pectinata,LTCV,1
Isosicyonis_alba,LTCV,1
Tulpa_tulipifera,LTCV,1
Dissostichus_eleginoides,LTCV,1
Actinauge_longicornis,LTCV,1
Dactylanthus_antarcticus,LTCV,1
Paractis_laevis,LTCV,1
Phelliactis_sp,LTCV,1
Rhodalia_miranda,LTCV,1
Latrunculia_sp,Education,1
Tedania_sp,Education,1
Clathria_spp,Education,1
Halichondrida,Education,1
Haplosclerida,Education,1
Hexactinellida,Education,1
Poecilosclerida,Education,1
Tetractinellida,Education,1
Alcyonium_antarcticum,Education,1
Anthoptilum_grandiflorum,Education,1
Clavularia_sp,Education,1
Convexella_magelhaenica,Education,1
Bryozoa,Education,1
Asbestopluma_sp,Education,1
Calcarea,Education,1
Flabellum_spp,Education,1
Ideogorgia_laurae,Education,1
Primnoella_scotiae,Education,1
Primnoisis_antarctica,Education,1
Thouarella_spp,Education,1
Eudyptes_chrysocome,Education,1
Macronectes_giganteus,Education,1
Phalacrocorax_atriceps,Education,1
Spheniscus_magellanicus,Education,1
Globicephala_melas,Education,1
Arctocephalus_australis,Education,1
Otaria_flavescens,Education,1
Balaenoptera_acutorostrata,Education,1
Balaenoptera_bonaerensis,Education,1
Balaenoptera_borealis,Education,1
Balaenoptera_physalus,Education,1
Eubalaena_australis,Education,1